1579694246522	5.16	0.85	-8.58
1579694246612	5.09	0.83	-8.53
1579694246852	5.11	0.88	-8.64
1579694246853	5.16	0.84	-8.51
1579694246942	5.14	0.86	-8.68
1579694247032	5.15	0.89	-8.57
1579694247122	5.13	0.84	-8.59
1579694247212	5.15	0.87	-8.59
1579694247362	5.13	0.87	-8.59
1579694247451	5.16	0.86	-8.66
1579694247542	5.17	0.87	-8.63
1579694247633	5.12	0.85	-8.7
1579694247722	5.22	0.8	-8.52
1579694248051	5.16	0.84	-8.61
1579694248052	5.17	0.84	-8.55
1579694248054	5.19	0.93	-8.55
1579694248112	5.09	0.74	-8.68
1579694248202	5.21	0.47	-8.31
1579694248322	5.56	0.8	-8.55
1579694248472	4.9	0.71	-8.54
1579694248561	5.24	0.85	-8.58
1579694248622	4.84	0.27	-8.93
1579694248745	5.38	0.14	-8.49
1579694248832	5.33	0.58	-8.47
1579694249162	5.25	0.56	-8.4
1579694249163	5.38	0.47	-8.38
1579694249251	5.61	0.78	-8.36
1579694249252	5.49	0.63	-8.47
1579694249342	5.43	0.77	-8.32
1579694249432	5.37	0.69	-8.49
1579694249671	5.33	0.75	-8.53
1579694249672	5.32	0.78	-8.41
1579694249702	5.36	0.73	-8.54
1579694249854	5.37	0.8	-8.48
1579694249942	5.32	0.78	-8.47
1579694250182	5.34	0.8	-8.49
1579694250271	5.31	0.77	-8.45
1579694250272	5.21	0.79	-8.44
1579694250332	5.38	0.74	-8.4
1579694250481	5.23	1.03	-8.52
1579694250512	5.36	1.24	-8.52
1579694250782	5.25	1.18	-8.31
1579694250871	5.17	0.99	-8.22
1579694250878	5.38	1.07	-8.35
1579694250906	5.39	0.84	-8.38
1579694251051	5.39	0.82	-8.46
1579694251291	5.41	0.77	-8.39
1579694251382	5.47	0.83	-8.43
1579694251411	5.38	0.79	-8.4
1579694251413	5.45	0.79	-8.45
1579694251532	5.41	0.77	-8.38
1579694251651	5.43	0.87	-8.45
1579694251892	5.42	0.83	-8.44
1579694251893	5.39	0.86	-8.4
1579694251922	5.4	0.86	-8.47
1579694252071	5.41	0.83	-8.44
1579694252251	5.37	0.89	-8.44
1579694252342	5.45	0.8	-8.42
1579694252492	5.37	1.05	-8.48
1579694252521	5.29	1.12	-8.52
1579694252523	5.32	0.94	-8.43
1579694252612	5.31	1.06	-8.47
1579694252702	5.21	1.05	-8.48
1579694253001	5.24	0.83	-8.19
1579694253031	5.2	0.93	-8.5
1579694253122	4.68	1.31	-7.54
1579694253128	5.34	0.92	-8.69
1579694253212	5.16	1.01	-8.34
1579694253691	5.3	0.91	-8.64
1579694253692	5.46	0.92	-8.33
1579694253694	5.4	0.96	-8.65
1579694253722	5.26	0.95	-8.45
1579694253724	5.27	1.03	-8.51
1579694253812	5.23	0.97	-8.51
1579694253902	5.28	1.08	-8.52
1579694254204	5.23	1.04	-8.52
1579694254213	5.26	1.07	-8.53
1579694254219	5.25	1.04	-8.52
1579694254322	5.25	1.07	-8.5
1579694254412	5.25	1.09	-8.49
1579694254561	5.25	1.09	-8.5
1579694254622	5.2	1.11	-8.48
1579694254712	5.23	1.11	-8.51
1579694254802	5.24	1.07	-8.51
1579694254922	5.19	1.11	-8.47
1579694255042	5.22	1.09	-8.5
1579694255132	5.19	1.12	-8.52
1579694255222	5.25	1.1	-8.53
1579694255343	5.22	1.11	-8.49
1579694255402	5.21	1.11	-8.5
1579694255522	5.22	1.09	-8.53
1579694255612	5.2	1.14	-8.44
1579694255762	5.18	1.06	-8.43
1579694255822	5.17	1.09	-8.54
1579694255971	5.24	1.1	-8.45
1579694256002	5.18	1.11	-8.52
1579694256151	5.22	1.11	-8.49
1579694256242	5.24	1.1	-8.5
1579694256309	5.23	1.12	-8.51
1579694256422	5.23	1.1	-8.52
1579694256512	5.23	1.12	-8.51
1579694256602	5.22	1.13	-8.51
1579694256722	5.24	1.14	-8.5
1579694256842	5.28	1.17	-8.52
1579694256902	5.27	1.17	-8.49
1579694257022	5.26	1.14	-8.53
1579694257142	5.24	1.13	-8.51
1579694257202	5.22	1.13	-8.45
1579694257532	5.23	1.12	-8.48
1579694257539	5.21	1.13	-8.48
1579694257564	5.25	1.12	-8.5
1579694257622	5.23	1.15	-8.5
1579694257712	5.23	1.09	-8.54
1579694258041	5.23	1.21	-8.46
1579694258042	5.26	1.12	-8.52
1579694258044	5.2	1.16	-8.52
1579694258102	5.25	1.14	-8.51
1579694258222	5.24	1.14	-8.53
1579694258312	5.24	1.14	-8.52
1579694258551	5.22	1.13	-8.51
1579694258558	5.24	1.13	-8.5
1579694258645	5.23	1.16	-8.52
1579694258732	5.23	1.13	-8.5
1579694258822	5.22	1.18	-8.51
1579694259062	5.27	1.12	-8.46
1579694259121	5.23	1.17	-8.53
1579694259152	5.28	1.15	-8.48
1579694259243	5.23	1.13	-8.49
1579694259332	5.27	1.17	-8.51
1579694259422	5.24	1.14	-8.46
1579694259754	5.2	1.13	-8.52
1579694259761	5.3	1.14	-8.48
1579694259767	5.25	1.14	-8.53
1579694259842	5.28	1.15	-8.53
1579694259932	5.22	1.14	-8.47
1579694260022	5.23	1.13	-8.47
1579694260171	5.23	1.12	-8.51
1579694260202	5.23	1.16	-8.46
1579694260382	5.24	1.14	-8.49
1579694260412	5.26	1.14	-8.49
1579694260502	5.25	1.13	-8.52
1579694260622	5.21	1.16	-8.5
1579694260742	5.26	1.15	-8.47
1579694260832	5.26	1.14	-8.52
1579694260922	5.23	1.15	-8.54
1579694261042	5.24	1.12	-8.48
1579694261132	5.23	1.12	-8.52
1579694261251	5.25	1.13	-8.52
1579694261342	5.23	1.12	-8.47
1579694261402	5.24	1.11	-8.52
1579694261522	5.25	1.12	-8.5
1579694261612	5.27	1.12	-8.51
1579694261881	5.28	1.14	-8.53
1579694261888	5.23	1.09	-8.52
1579694261972	5.23	1.12	-8.5
1579694262002	5.22	1.14	-8.49
1579694262151	5.23	1.12	-8.48
1579694262391	5.22	1.14	-8.47
1579694262392	5.25	1.14	-8.5
1579694262481	5.24	1.15	-8.49
1579694262512	5.25	1.11	-8.48
1579694262602	5.18	1.17	-8.52
1579694262751	5.26	1.12	-8.45
1579694263081	5.23	1.17	-8.54
1579694263089	5.23	1.14	-8.46
1579694263112	5.25	1.14	-8.47
1579694263171	5.22	1.14	-8.51
1579694263202	5.22	1.13	-8.49
1579694263501	5.22	1.12	-8.5
1579694263591	5.23	1.11	-8.49
1579694263592	5.2	1.13	-8.54
1579694263622	5.23	1.14	-8.47
1579694263712	5.22	1.16	-8.52
1579694263802	5.24	1.11	-8.51
1579694264011	5.23	1.13	-8.56
1579694264191	5.24	1.12	-8.52
1579694264222	5.23	1.13	-8.51
1579694264223	5.2	1.13	-8.45
1579694264312	5.22	1.08	-8.52
1579694264402	5.19	1.15	-8.47
1579694264792	5.28	1.14	-8.48
1579694264793	5.24	1.16	-8.54
1579694264821	5.25	1.14	-8.49
1579694264823	5.23	1.13	-8.54
1579694264912	5.2	1.14	-8.5
1579694265002	5.22	1.11	-8.52
1579694265308	5.24	1.15	-8.53
1579694265332	5.21	1.14	-8.53
1579694265333	5.24	1.14	-8.55
1579694265422	5.19	1.14	-8.52
1579694265512	5.18	1.1	-8.51
1579694265602	5.21	1.13	-8.5
1579694265901	5.2	1.14	-8.48
1579694265902	5.18	1.12	-8.48
1579694265904	5.21	1.15	-8.49
1579694266022	5.21	1.11	-8.48
1579694266112	5.19	1.11	-8.53
1579694266501	5.21	1.12	-8.46
1579694266531	5.19	1.14	-8.52
1579694266532	5.23	1.13	-8.47
1579694266533	5.2	1.14	-8.57
1579694266622	5.26	1.14	-8.48
1579694266922	5.23	1.15	-8.51
1579694266923	5.21	1.14	-8.49
1579694267011	5.23	1.12	-8.46
1579694267013	5.13	1.16	-8.51
1579694267102	5.25	1.13	-8.45
1579694267222	5.2	1.14	-8.48
1579694267438	5.29	1.09	-8.48
1579694267522	5.24	1.1	-8.48
1579694267523	5.28	1.09	-8.49
1579694267612	5.24	1.11	-8.49
1579694267732	5.28	1.11	-8.49
1579694267941	5.25	1.07	-8.47
1579694268121	5.25	1.08	-8.52
1579694268122	5.29	1.06	-8.37
1579694268124	5.23	1.05	-8.5
1579694268212	5.33	1.04	-8.46
1579694268302	5.37	1.05	-8.44
1579694268543	5.43	1.07	-8.81
1579694268632	5.32	0.75	-8.54
1579694268634	5.31	1.09	-8.45
1579694268722	5.16	0.89	-8.54
1579694268812	5.21	1.0	-8.49
1579694269232	5.12	0.96	-8.65
1579694269233	5.16	1.0	-8.52
1579694269321	5.14	1.04	-8.58
1579694269322	5.19	0.99	-8.55
1579694269352	5.18	1.03	-8.53
1579694269412	5.14	0.99	-8.56
1579694269655	5.17	1.0	-8.57
1579694269742	5.12	1.04	-8.55
1579694269744	5.14	1.01	-8.57
1579694269803	5.16	1.03	-8.59
1579694269922	5.15	1.03	-8.6
1579694270342	5.1	1.01	-8.59
1579694270343	5.08	0.96	-8.54
1579694270371	5.11	0.99	-8.55
1579694270432	5.11	1.01	-8.56
1579694270434	5.11	0.98	-8.59
1579694270522	5.12	1.01	-8.59
1579694270851	5.11	0.99	-8.55
1579694270912	5.11	1.01	-8.63
1579694270913	5.09	1.04	-8.53
1579694270972	5.13	0.99	-8.54
1579694271032	5.11	1.05	-8.59
1579694271151	5.15	1.0	-8.57
1579694271452	5.12	0.99	-8.57
1579694271453	5.12	1.0	-8.59
1579694271481	5.09	1.0	-8.57
1579694271571	5.11	1.01	-8.57
1579694271632	5.09	0.98	-8.66
1579694271871	5.1	1.03	-8.52
1579694271962	5.11	0.96	-8.53
1579694271963	5.08	0.99	-8.61
1579694272051	5.12	1.01	-8.59
1579694272142	5.1	0.99	-8.62
1579694272261	5.09	1.03	-8.6
1579694272561	5.09	0.99	-8.63
1579694272562	5.07	0.98	-8.55
1579694272564	5.04	0.95	-8.51
1579694272652	5.05	1.01	-8.65
1579694272742	5.16	1.01	-8.6
1579694273071	5.05	0.97	-8.54
1579694273161	5.12	1.01	-8.6
1579694273162	5.15	0.99	-8.57
1579694273163	5.08	1.0	-8.63
1579694273251	5.14	1.01	-8.57
1579694273372	5.11	0.98	-8.55
1579694273672	5.13	1.03	-8.59
1579694273673	5.17	1.0	-8.61
1579694273761	5.1	1.02	-8.59
1579694273762	5.13	1.0	-8.59
1579694273851	5.11	1.0	-8.62
1579694274181	5.14	1.02	-8.52
1579694274211	5.16	0.99	-8.58
1579694274212	5.15	0.99	-8.54
1579694274242	5.15	1.02	-8.6
1579694274302	5.15	0.99	-8.62
1579694274481	5.12	1.0	-8.57
1579694274781	5.07	0.96	-8.58
1579694274782	5.1	1.0	-8.59
1579694274784	5.1	1.0	-8.58
1579694274871	5.07	0.97	-8.59
1579694274902	5.09	1.01	-8.6
1579694275201	5.07	0.96	-8.53
1579694275291	5.03	0.98	-8.62
1579694275292	5.1	0.98	-8.52
1579694275322	5.05	0.98	-8.59
1579694275412	5.1	0.99	-8.57
1579694275502	5.11	1.01	-8.58
1579694275891	5.11	1.0	-8.57
1579694275892	5.13	1.01	-8.58
1579694275894	5.14	1.0	-8.62
1579694275982	5.11	1.01	-8.55
1579694276012	5.13	1.0	-8.61
1579694276102	5.15	1.01	-8.55
1579694276401	5.08	1.01	-8.61
1579694276461	5.11	0.99	-8.58
1579694276521	5.1	0.97	-8.59
1579694276523	5.11	0.98	-8.61
1579694276612	5.11	0.91	-8.62
1579694276703	4.93	0.88	-8.58
1579694277002	5.54	0.89	-8.45
1579694277003	5.35	0.75	-8.69
1579694277091	5.1	0.45	-8.7
1579694277122	5.69	0.29	-8.33
1579694277212	5.47	0.18	-8.59
1579694277512	5.11	0.36	-8.8
1579694277541	5.34	0.33	-8.36
1579694277602	5.26	0.32	-8.66
1579694277632	5.21	0.55	-8.52
1579694277722	5.22	0.6	-8.51
1579694278023	5.21	0.55	-8.48
1579694278111	5.1	0.63	-8.58
1579694278112	5.21	0.68	-8.53
1579694278114	5.17	0.72	-8.6
1579694278232	5.2	0.81	-8.52
1579694278322	5.23	0.75	-8.51
1579694278622	5.15	0.78	-8.59
1579694278623	5.17	0.79	-8.57
1579694278711	5.11	0.73	-8.53
1579694278713	5.07	0.73	-8.58
1579694278802	5.03	0.76	-8.59
1579694279222	5.11	0.78	-8.55
1579694279223	5.08	0.77	-8.66
1579694279311	5.12	0.77	-8.64
1579694279312	5.09	0.77	-8.6
1579694279314	5.1	0.77	-8.64
1579694279407	5.12	0.77	-8.6
1579694279732	5.09	0.77	-8.6
1579694279733	5.14	0.79	-8.68
1579694279761	5.17	0.77	-8.6
1579694279822	5.08	0.79	-8.68
1579694279912	5.13	0.79	-8.59
1579694280242	5.14	0.78	-8.67
1579694280332	5.14	0.8	-8.61
1579694280333	5.14	0.81	-8.6
1579694280361	5.13	0.79	-8.61
1579694280422	5.1	0.73	-8.63
1579694280512	5.12	0.77	-8.61
1579694280842	5.11	0.76	-8.62
1579694280843	5.09	0.78	-8.58
1579694280931	5.14	0.76	-8.64
1579694280933	5.13	0.76	-8.64
1579694281022	5.04	0.73	-8.53
1579694281441	5.18	0.82	-8.63
1579694281442	5.12	0.81	-8.57
1579694281444	5.13	0.78	-8.59
1579694281532	5.13	0.79	-8.58
1579694281534	5.14	0.8	-8.53
1579694281622	5.19	0.78	-8.59
1579694281951	5.13	0.8	-8.57
1579694281952	5.18	0.8	-8.54
1579694281954	5.17	0.82	-8.61
1579694282042	5.17	0.82	-8.56
1579694282132	5.17	0.78	-8.54
1579694282461	5.16	0.81	-8.57
1579694282552	5.18	0.8	-8.59
1579694282553	5.17	0.8	-8.56
1579694282641	5.15	0.82	-8.53
1579694282643	5.16	0.75	-8.57
1579694282732	5.11	0.84	-8.59
1579694283061	5.16	0.77	-8.56
1579694283062	5.08	0.81	-8.56
1579694283064	5.12	0.78	-8.64
1579694283152	5.14	0.8	-8.59
1579694283242	5.07	0.77	-8.65
1579694283661	5.13	0.8	-8.67
1579694283662	5.05	0.77	-8.54
1579694283751	5.23	0.73	-8.53
1579694283753	5.14	0.76	-8.65
1579694284171	5.2	0.77	-8.57
1579694284178	5.14	0.77	-8.54
1579694284262	5.11	0.79	-8.63
1579694284263	5.16	0.73	-8.6
1579694284351	5.1	0.73	-8.6
1579694284771	5.14	0.79	-8.65
1579694284772	5.12	0.77	-8.6
1579694284774	5.16	0.76	-8.57
1579694284862	5.14	0.78	-8.62
1579694284863	5.19	0.74	-8.65
1579694284951	5.13	0.77	-8.56
1579694285281	5.15	0.78	-8.59
1579694285289	5.13	0.75	-8.58
1579694285312	5.12	0.77	-8.56
1579694285371	5.12	0.78	-8.61
1579694285402	5.14	0.75	-8.55
1579694285882	5.07	0.76	-8.67
1579694285883	5.13	0.76	-8.54
1579694285884	5.12	0.77	-8.63
1579694285972	5.13	0.77	-8.58
1579694285973	5.14	0.77	-8.56
1579694286002	5.13	0.78	-8.58
1579694286391	5.17	0.76	-8.57
1579694286398	5.13	0.73	-8.57
1579694286422	5.14	0.71	-8.67
1579694286481	5.14	0.76	-8.59
1579694286512	5.15	0.76	-8.62
1579694286602	5.09	0.76	-8.62
1579694286902	5.09	0.72	-8.64
1579694286903	5.07	0.76	-8.61
1579694286991	5.08	0.78	-8.59
1579694287022	5.12	0.75	-8.63
1579694287112	5.14	0.76	-8.63
1579694287202	5.13	0.78	-8.59
1579694287508	5.19	0.77	-8.61
1579694287533	5.15	0.77	-8.63
1579694287534	5.23	0.84	-8.56
1579694287622	5.41	0.76	-8.39
1579694287712	5.3	0.62	-8.42
1579694288011	5.32	0.7	-8.51
1579694288101	5.23	0.92	-8.45
1579694288102	5.18	1.05	-8.52
1579694288104	5.48	1.05	-8.6
1579694288222	5.34	1.0	-8.65
1579694288313	5.34	1.07	-8.5
1579694288611	5.28	0.99	-8.53
1579694288672	5.25	0.97	-8.49
1579694288673	5.23	1.04	-8.46
1579694288732	5.32	1.07	-8.49
1579694288822	5.24	1.06	-8.46
1579694288942	5.25	1.04	-8.44
1579694289121	5.25	1.05	-8.52
1579694289211	5.25	1.09	-8.39
1579694289213	5.24	1.04	-8.52
1579694289332	5.25	1.06	-8.44
1579694289422	5.23	1.05	-8.52
1579694289721	5.27	1.04	-8.5
1579694289811	5.24	1.05	-8.51
1579694289812	5.24	1.05	-8.48
1579694289902	5.25	1.04	-8.53
1579694289932	5.21	1.02	-8.48
1579694290022	5.22	1.04	-8.49
1579694290321	5.28	1.05	-8.52
1579694290322	5.28	1.06	-8.59
1579694290324	5.27	1.04	-8.46
1579694290412	5.23	1.08	-8.5
1579694290532	5.23	1.05	-8.47
1579694290747	5.27	1.06	-8.41
1579694290772	5.25	1.06	-8.46
1579694290832	5.26	1.04	-8.51
1579694290922	5.23	1.07	-8.5
1579694291012	5.25	1.05	-8.53
1579694291162	5.28	1.06	-8.52
1579694291252	5.22	1.13	-8.57
1579694291342	5.25	1.0	-8.46
1579694291432	5.22	0.78	-8.52
1579694291522	5.21	0.96	-8.45
1579694291642	5.23	0.89	-8.47
1579694291737	5.25	0.94	-8.49
1579694291941	5.28	0.95	-8.5
1579694291943	5.28	0.94	-8.53
1579694292032	5.28	1.01	-8.49
1579694292122	5.3	1.02	-8.5
1579694292242	5.33	0.98	-8.52
1579694292362	5.28	1.02	-8.53
1579694292452	5.31	0.96	-8.48
1579694292542	5.28	0.98	-8.5
1579694292632	5.21	1.03	-8.44
1579694292722	5.25	0.95	-8.51
1579694292848	5.3	1.01	-8.16
1579694293052	5.42	0.91	-8.77
1579694293053	5.19	0.97	-8.49
1579694293112	5.21	0.91	-8.59
1579694293232	5.19	0.91	-8.52
1579694293352	5.14	0.92	-8.58
1579694293651	5.15	0.91	-8.53
1579694293652	5.13	0.95	-8.5
1579694293654	5.13	0.93	-8.55
1579694293742	5.18	0.88	-8.59
1579694293832	5.17	0.86	-8.59
1579694293952	5.11	0.91	-8.65
1579694294162	5.1	0.93	-8.69
1579694294163	5.18	0.9	-8.52
1579694294222	5.14	0.93	-8.58
1579694294342	5.18	0.93	-8.56
1579694294581	5.2	0.9	-8.53
1579694294582	5.18	0.89	-8.56
1579694294671	5.19	0.91	-8.54
1579694294761	5.15	0.89	-8.55
1579694294852	5.17	0.89	-8.58
1579694294945	5.12	0.88	-8.56
1579694295272	5.2	0.9	-8.47
1579694295361	5.14	0.89	-8.62
1579694295362	5.16	0.87	-8.56
1579694295363	5.19	0.87	-8.56
1579694295452	5.17	0.86	-8.56
1579694295871	5.18	0.87	-8.54
1579694295872	5.16	0.85	-8.56
1579694295874	5.2	0.89	-8.57
1579694295962	5.19	0.88	-8.57
1579694296381	5.17	0.88	-8.54
1579694296382	5.19	0.86	-8.56
1579694296391	5.19	0.89	-8.56
1579694296442	5.2	0.87	-8.55
1579694296561	5.21	0.89	-8.56
1579694296891	5.18	0.89	-8.54
1579694296893	5.18	0.84	-8.51
1579694296981	5.15	0.87	-8.64
1579694296982	5.17	0.86	-8.52
1579694297012	5.11	0.81	-8.57
1579694297164	5.23	0.69	-8.49
1579694297402	5.36	0.85	-8.44
1579694297491	5.12	0.72	-8.56
1579694297498	5.35	0.59	-8.5
1579694297582	5.29	0.66	-8.46
1579694297612	5.25	0.71	-8.5
1579694298001	5.17	0.7	-8.57
1579694298002	5.24	0.69	-8.56
1579694298004	5.16	0.71	-8.61
1579694298032	5.08	0.72	-8.63
1579694298122	4.9	0.71	-8.42
1579694298214	5.45	0.79	-8.65
1579694298421	4.99	0.58	-8.63
1579694298512	5.33	0.69	-8.52
1579694298518	5.01	0.68	-8.58
1579694298632	5.43	0.77	-8.62
1579694298722	5.06	0.72	-8.47
1579694298812	5.22	0.55	-8.68
1579694299022	5.31	1.02	-8.33
1579694299024	5.06	0.83	-8.83
1579694299112	5.21	0.76	-8.51
1579694299232	5.23	0.85	-8.59
1579694299324	5.31	0.84	-8.51
1579694299412	5.2	0.87	-8.58
1579694299622	5.28	0.83	-8.49
1579694299630	5.25	0.85	-8.51
1579694299712	5.23	0.84	-8.5
1579694299832	5.25	0.85	-8.5
1579694299922	5.24	0.84	-8.52
1579694300222	5.24	0.84	-8.5
1579694300223	5.26	0.83	-8.49
1579694300252	5.23	0.84	-8.54
1579694300312	5.24	0.82	-8.47
1579694300432	5.24	0.82	-8.52
1579694300522	5.27	0.81	-8.53
1579694300732	5.24	0.84	-8.56
1579694300739	5.24	0.82	-8.53
1579694300822	5.25	0.85	-8.51
1579694300912	5.23	0.86	-8.49
1579694301032	5.23	0.81	-8.41
1579694301242	5.21	0.85	-8.52
1579694301244	5.27	0.81	-8.48
1579694301362	5.28	0.85	-8.57
1579694301422	5.29	0.85	-8.49
1579694301751	5.29	0.84	-8.54
1579694301841	5.29	0.86	-8.52
1579694301843	5.28	0.83	-8.49
1579694301849	5.28	0.84	-8.51
1579694301932	5.28	0.83	-8.51
1579694302022	5.29	0.86	-8.5
1579694302112	5.29	0.84	-8.59
1579694302441	5.28	0.82	-8.52
1579694302443	5.23	0.86	-8.45
1579694302444	5.37	0.89	-8.43
1579694302532	5.22	0.77	-8.52
1579694302623	5.16	0.88	-8.57
1579694302712	5.22	0.87	-8.58
1579694302832	5.07	0.78	-8.61
1579694303050	5.07	0.85	-8.59
1579694303072	5.15	0.83	-8.67
1579694303132	5.09	0.85	-8.63
1579694303222	5.11	0.86	-8.64
1579694303342	5.07	0.84	-8.61
1579694303552	5.09	0.83	-8.58
1579694303554	5.1	0.87	-8.6
1579694303642	5.12	0.84	-8.57
1579694303732	5.15	0.87	-8.6
1579694303822	5.16	0.89	-8.57
1579694304151	5.04	0.85	-8.67
1579694304159	5.12	0.81	-8.62
1579694304242	5.08	0.81	-8.7
1579694304243	4.92	0.77	-8.52
1579694304332	5.77	1.2	-8.89
1579694304452	5.49	0.24	-8.65
1579694304752	5.04	0.58	-8.61
1579694304753	5.5	0.65	-8.46
1579694304841	5.24	0.55	-8.53
1579694304843	5.43	0.68	-8.52
1579694304932	5.44	0.72	-8.66
1579694305052	5.42	0.51	-8.54
1579694305261	5.66	0.33	-8.49
1579694305322	5.39	0.56	-8.25
1579694305323	5.58	0.5	-8.62
1579694305442	5.37	0.67	-8.44
1579694305561	5.53	0.57	-8.26
1579694305772	5.49	0.72	-8.37
1579694305862	5.42	0.66	-8.62
1579694305863	5.46	0.88	-8.3
1579694305953	5.5	0.91	-8.26
1579694306042	5.32	0.85	-8.4
1579694306162	5.44	0.88	-8.34
1579694306371	5.42	0.9	-8.43
1579694306432	5.27	0.91	-8.47
1579694306433	5.44	0.91	-8.34
1579694306552	5.46	1.0	-8.4
1579694306671	5.32	0.91	-8.61
1579694306942	5.37	0.87	-8.33
1579694306972	5.24	0.87	-8.43
1579694306973	5.18	0.91	-8.48
1579694307032	5.18	1.09	-8.5
1579694307152	5.21	1.01	-8.5
1579694307391	5.21	0.97	-8.55
1579694307399	5.28	1.03	-8.51
1579694307541	5.24	0.96	-8.52
1579694307602	5.22	1.04	-8.52
1579694307661	5.22	1.02	-8.48
1579694307722	5.28	1.04	-8.53
1579694307992	5.24	1.05	-8.54
1579694308082	5.26	1.04	-8.51
1579694308083	5.25	1.07	-8.51
1579694308113	5.22	1.04	-8.44
1579694308232	5.23	1.08	-8.46
1579694308411	5.21	1.03	-8.52
1579694308442	5.24	1.02	-8.48
1579694308591	5.17	1.06	-8.52
1579694308622	5.21	1.02	-8.52
1579694308712	5.12	1.01	-8.56
1579694308832	5.09	1.01	-8.5
1579694308922	4.91	0.96	-8.22
1579694309012	5.36	1.13	-8.83
1579694309132	5.29	1.03	-8.55
1579694309281	5.24	1.05	-8.66
1579694309312	5.18	1.0	-8.46
1579694309521	5.25	1.06	-8.52
1579694309530	4.48	1.1	-8.95
1579694309612	5.24	1.08	-8.48
1579694309732	5.45	1.3	-8.64
1579694309822	5.34	0.51	-8.55
1579694309912	5.3	0.99	-8.53
1579694310121	5.27	0.55	-8.27
1579694310123	5.31	0.41	-8.44
1579694310212	5.29	0.55	-8.43
1579694310332	5.29	0.65	-8.59
1579694310422	5.34	0.66	-8.43
1579694310512	5.29	0.54	-8.47
1579694310661	5.3	0.63	-8.49
1579694310752	5.31	0.7	-8.47
1579694310812	5.29	0.67	-8.5
1579694310932	5.34	0.61	-8.53
1579694311022	5.27	0.66	-8.48
1579694311112	5.24	0.68	-8.52
1579694311321	5.25	0.64	-8.52
1579694311323	5.23	0.65	-8.51
1579694311473	5.2	0.65	-8.45
1579694311561	5.2	0.65	-8.52
1579694311622	5.25	0.65	-8.5
1579694311712	5.25	0.66	-8.59
1579694311832	5.31	0.67	-8.56
1579694311982	5.29	0.66	-8.52
1579694312012	5.26	0.67	-8.53
1579694312161	5.27	0.67	-8.54
1579694312371	5.25	0.67	-8.52
1579694312582	5.21	0.66	-8.49
1579694312701	5.21	0.69	-8.55
1579694312703	5.24	0.68	-8.49
1579694312704	5.22	0.69	-8.57
1579694312732	5.25	0.68	-8.54
1579694312881	5.24	0.62	-8.53
1579694312942	5.25	0.64	-8.55
1579694313032	5.23	0.64	-8.56
1579694313122	5.29	0.67	-8.56
1579694313212	5.19	0.6	-8.56
1579694313452	5.28	0.67	-8.54
1579694313541	5.24	0.64	-8.54
1579694313632	5.24	0.65	-8.55
1579694313634	5.28	0.63	-8.52
1579694313722	5.25	0.66	-8.54
1579694313812	5.28	0.68	-8.52
1579694314059	5.28	0.66	-8.55
1579694314082	5.27	0.66	-8.52
1579694314112	5.24	0.67	-8.52
1579694314232	5.22	0.67	-8.46
1579694314322	5.18	0.67	-8.55
1579694314592	5.27	0.69	-8.49
1579694314593	5.22	0.67	-8.57
1579694314622	5.27	0.66	-8.52
1579694314714	5.26	0.65	-8.53
1579694314832	5.26	0.65	-8.54
1579694314922	5.25	0.65	-8.53
1579694315251	5.23	0.68	-8.53
1579694315341	5.22	0.66	-8.5
1579694315342	5.24	0.69	-8.56
1579694315371	5.23	0.69	-8.56
1579694315432	5.22	0.68	-8.6
1579694315854	5.25	0.61	-8.57
1579694315855	5.2	0.6	-8.54
1579694315881	5.25	0.77	-8.51
1579694315883	5.23	0.87	-8.52
1579694315912	5.22	0.88	-8.51
1579694316032	5.18	0.88	-8.51
1579694316152	5.15	0.88	-8.54
1579694316362	5.22	1.11	-8.57
1579694316422	5.14	1.29	-8.39
1579694316424	5.25	1.12	-8.54
1579694316572	5.03	0.94	-8.48
1579694317021	5.18	1.14	-8.68
1579694317171	5.1	1.07	-8.63
1579694317173	5.17	1.12	-8.52
1579694317174	5.08	1.09	-8.58
1579694317382	5.1	1.06	-8.56
1579694317411	4.95	1.13	-8.57
1579694317418	5.01	1.07	-8.53
1579694317532	5.09	1.09	-8.59
1579694317681	5.09	1.12	-8.6
1579694317771	5.11	1.06	-8.6
1579694318071	5.1	1.12	-8.56
1579694318073	5.13	1.15	-8.61
1579694318074	5.05	1.12	-8.58
1579694318191	5.15	1.13	-8.56
1579694318252	5.22	1.15	-8.49
1579694318581	5.14	1.17	-8.53
1579694318583	5.07	1.13	-8.59
1579694318611	5.03	1.11	-8.57
1579694318672	5.03	1.14	-8.61
1579694318761	5.04	1.11	-8.58
1579694319153	5.06	1.1	-8.6
1579694319182	5.05	1.09	-8.61
1579694319183	5.1	1.16	-8.61
1579694319211	5.07	1.09	-8.72
1579694319213	5.05	1.11	-8.59
1579694319332	5.06	1.09	-8.59
1579694319452	5.04	1.09	-8.55
1579694319691	5.07	1.13	-8.6
1579694319698	5.04	1.09	-8.62
1579694319722	5.1	1.12	-8.53
1579694319812	5.04	1.09	-8.61
1579694320171	5.05	1.08	-8.52
1579694320265	5.03	1.12	-8.57
1579694320292	5.08	1.1	-8.52
1579694320293	5.05	1.12	-8.57
1579694320322	5.1	1.1	-8.55
1579694320412	5.09	1.13	-8.61
1579694320532	5.11	1.12	-8.59
1579694320622	5.11	1.1	-8.58
1579694320712	5.09	1.14	-8.59
1579694320982	5.08	1.12	-8.56
1579694320983	5.07	1.08	-8.51
1579694321012	5.03	1.14	-8.59
1579694321281	5.05	1.09	-8.52
1579694321342	5.06	1.17	-8.61
1579694321344	5.06	1.12	-8.59
1579694321432	5.07	1.12	-8.61
1579694321522	5.08	1.12	-8.6
1579694321612	5.08	1.12	-8.6
1579694321732	5.09	1.11	-8.58
1579694321852	5.09	1.12	-8.62
1579694322001	5.1	1.14	-8.58
1579694322032	5.07	1.12	-8.66
1579694322122	5.07	1.13	-8.59
1579694322271	5.04	1.11	-8.59
1579694322482	5.06	1.13	-8.55
1579694322512	5.08	1.14	-8.57
1579694322602	5.07	1.13	-8.57
1579694322632	5.1	1.13	-8.57
1579694322752	5.11	1.13	-8.61
1579694322842	5.06	1.13	-8.59
1579694322991	5.07	1.1	-8.54
1579694323023	5.03	1.15	-8.59
1579694323112	5.1	1.12	-8.54
1579694323232	5.07	1.14	-8.57
1579694323352	5.09	1.09	-8.58
1579694323442	5.1	1.16	-8.53
1579694323532	5.12	1.13	-8.57
1579694323622	5.11	1.13	-8.57
1579694323712	5.1	1.13	-8.57
1579694323832	5.1	1.14	-8.59
1579694324071	5.07	1.13	-8.56
1579694324108	5.09	1.13	-8.58
1579694324222	5.12	1.14	-8.63
1579694324223	5.08	1.14	-8.59
1579694324312	5.11	1.11	-8.59
1579694324642	5.09	1.11	-8.6
1579694324731	5.12	1.14	-8.6
1579694324733	5.09	1.11	-8.59
1579694324734	5.11	1.12	-8.58
1579694324822	5.1	1.12	-8.58
1579694324912	5.11	1.11	-8.6
1579694325301	5.08	1.14	-8.59
1579694325361	5.11	1.1	-8.52
1579694325421	5.09	1.14	-8.61
1579694325422	5.12	1.14	-8.57
1579694325541	5.1	1.13	-8.6
1579694325788	5.1	1.13	-8.58
1579694325842	5.1	1.15	-8.53
1579694325932	5.1	1.12	-8.6
1579694325933	5.09	1.13	-8.56
1579694325935	5.09	1.09	-8.52
1579694326022	5.05	1.13	-8.55
1579694326442	5.16	1.11	-8.51
1579694326531	5.09	1.15	-8.65
1579694326651	5.15	1.15	-8.56
1579694326652	5.1	1.13	-8.58
1579694326771	5.11	1.14	-8.58
1579694326805	5.1	1.13	-8.59
1579694326806	5.09	1.15	-8.59
1579694326892	5.11	1.15	-8.62
1579694326952	5.13	1.15	-8.56
1579694327042	5.07	1.12	-8.68
1579694327132	5.07	1.14	-8.54
1579694327401	5.05	1.1	-8.56
1579694327551	5.07	1.12	-8.55
1579694327881	5.06	1.14	-8.54
1579694328063	5.06	1.11	-8.58
1579694328064	5.08	1.13	-8.55
1579694328152	5.08	1.09	-8.58
1579694328242	5.09	1.12	-8.6
1579694328391	5.12	1.14	-8.58
1579694328483	5.11	1.13	-8.61
1579694328571	5.09	1.14	-8.57
1579694328661	5.13	1.11	-8.62
1579694328752	5.05	1.13	-8.52
1579694328812	5.12	1.13	-8.53
1579694328991	5.13	1.15	-8.63
1579694329024	5.16	1.14	-8.6
1579694329112	5.12	1.13	-8.6
1579694329261	5.11	1.15	-8.56
1579694329352	5.09	1.12	-8.57
1579694329412	5.08	1.13	-8.58
1579694329532	5.06	1.14	-8.55
1579694329622	5.08	1.09	-8.52
1579694329712	5.01	1.1	-8.61
1579694329861	5.06	1.13	-8.51
1579694329922	5.03	1.05	-8.66
1579694330013	5.06	1.13	-8.5
1579694330132	5.07	1.11	-8.58
1579694330222	5.1	1.14	-8.58
1579694330312	5.11	1.11	-8.58
1579694330432	5.09	1.13	-8.57
1579694330642	5.07	1.12	-8.53
1579694330702	5.05	1.14	-8.6
1579694330761	5.11	1.11	-8.52
1579694330822	5.09	1.15	-8.62
1579694330912	5.11	1.12	-8.57
1579694331214	5.1	1.12	-8.6
1579694331222	5.11	1.14	-8.58
1579694331331	5.11	1.15	-8.57
1579694331391	5.11	1.12	-8.58
1579694331481	5.11	1.11	-8.59
1579694331512	5.1	1.12	-8.58
1579694331811	5.14	1.14	-8.66
1579694331813	5.13	1.14	-8.59
1579694331814	5.05	1.15	-8.64
1579694331932	5.08	1.13	-8.58
1579694332023	5.08	1.14	-8.57
1579694332112	5.05	1.1	-8.62
1579694332412	5.06	1.21	-8.6
1579694332501	5.1	1.07	-8.6
1579694332503	4.97	1.15	-8.57
1579694332532	5.02	1.17	-8.6
1579694332622	5.08	1.13	-8.57
1579694332712	5.04	1.17	-8.6
1579694332922	5.08	1.14	-8.6
1579694332952	5.06	1.14	-8.56
1579694333013	5.1	1.16	-8.57
1579694333132	5.05	1.17	-8.58
1579694333222	5.08	1.19	-8.6
1579694333521	5.06	1.15	-8.53
1579694333524	5.04	1.16	-8.61
1579694333553	5.07	1.17	-8.52
1579694333613	5.04	1.17	-8.62
1579694333733	5.11	1.15	-8.56
1579694333823	5.09	1.2	-8.56
1579694334122	5.1	1.18	-8.58
1579694334152	5.09	1.22	-8.6
1579694334212	5.01	1.17	-8.67
1579694334214	5.02	1.15	-8.67
1579694334332	5.3	1.25	-8.52
1579694334423	4.99	1.18	-8.79
1579694334543	9.92	1.46	-4.7
1579694334661	5.65	0.6	-8.52
1579694334722	4.63	1.37	-8.6
1579694334813	4.81	1.04	-9.08
1579694334932	4.78	1.03	-8.5
1579694335082	5.14	1.03	-8.68
1579694335112	4.79	1.2	-8.71
1579694335321	5.03	1.06	-8.73
1579694335323	4.93	1.1	-8.75
1579694335419	4.93	1.13	-8.71
1579694335681	4.95	1.05	-8.69
1579694335771	4.92	1.08	-8.74
1579694335773	4.93	1.1	-8.68
1579694335832	4.91	1.08	-8.72
1579694335922	4.89	1.12	-8.6
1579694336013	4.92	1.14	-8.65
1579694336162	4.95	1.08	-8.63
1579694336222	5.0	1.31	-8.65
1579694336342	4.93	1.25	-8.53
1579694336432	5.17	0.92	-8.7
1579694336522	5.39	0.43	-8.27
1579694336792	5.3	2.27	-8.76
1579694336852	4.96	1.14	-8.31
1579694336881	5.36	0.73	-8.46
1579694336942	5.25	1.13	-8.52
1579694337032	4.94	1.17	-8.62
1579694337122	5.21	1.21	-8.45
1579694337212	4.97	1.02	-8.66
1579694337451	5.08	1.06	-8.62
1579694337453	5.0	1.2	-8.56
1579694337542	5.05	1.03	-8.65
1579694337632	5.06	1.08	-8.59
1579694338051	5.04	1.17	-8.6
1579694338053	5.01	1.04	-8.56
1579694338054	5.04	1.05	-8.59
1579694338111	5.05	1.08	-8.55
1579694338143	5.03	1.06	-8.56
1579694338232	5.07	1.07	-8.59
1579694338501	5.07	1.09	-8.57
1579694338622	5.07	1.07	-8.6
1579694338624	5.09	1.08	-8.59
1579694338653	5.08	1.12	-8.59
1579694338742	5.1	1.06	-8.64
1579694338891	5.12	1.07	-8.6
1579694338952	5.13	1.09	-8.64
1579694339101	5.08	1.1	-8.62
1579694339161	5.06	1.05	-8.59
1579694339252	5.05	1.08	-8.6
1579694339313	5.08	1.05	-8.57
1579694339432	5.06	1.07	-8.65
1579694339763	5.16	1.12	-8.66
1579694339791	5.12	1.01	-8.55
1579694339793	5.22	0.99	-8.48
1579694339852	5.05	1.34	-8.66
1579694340211	5.03	1.04	-8.52
1579694340213	5.05	1.18	-8.52
1579694340272	4.82	1.05	-8.08
1579694340273	5.44	1.3	-8.73
1579694340361	5.27	1.14	-8.66
1579694340452	5.37	1.16	-8.75
1579694340571	5.42	1.19	-8.92
1579694340692	5.07	0.99	-8.27
1579694340781	4.87	0.93	-8.41
1579694340812	5.36	0.95	-8.59
1579694340961	5.06	0.99	-8.66
1579694341081	5.21	0.97	-8.77
1579694341381	4.9	1.05	-8.54
1579694341383	4.99	0.93	-8.69
1579694341384	4.92	0.94	-8.58
1579694341443	4.97	0.99	-8.61
1579694341563	5.02	1.03	-8.68
1579694341681	5.05	1.0	-8.7
1579694342101	5.0	1.0	-8.61
1579694342103	5.03	1.0	-8.68
1579694342104	5.02	0.98	-8.67
1579694342431	5.02	0.99	-8.65
1579694342552	5.03	1.0	-8.6
1579694342554	5.04	0.95	-8.7
1579694342613	5.03	0.96	-8.66
1579694342701	5.0	0.98	-8.67
1579694342792	4.99	0.95	-8.61
1579694343062	4.99	0.97	-8.62
1579694343063	5.02	0.99	-8.61
1579694343091	5.04	1.0	-8.66
1579694343181	5.02	0.96	-8.67
1579694343212	4.96	0.97	-8.6
1579694343608	4.9	0.9	-8.6
1579694343662	4.9	0.93	-8.63
1579694343691	4.95	0.93	-8.59
1579694343693	4.93	0.97	-8.7
1579694343722	4.98	0.95	-8.68
1579694343812	4.98	0.93	-8.66
1579694344112	4.98	0.95	-8.68
1579694344113	5.0	0.95	-8.66
1579694344142	4.96	0.97	-8.64
1579694344232	4.93	0.95	-8.69
1579694344322	4.67	0.87	-8.17
1579694344711	5.43	1.1	-8.73
1579694344801	5.04	0.99	-8.78
1579694344802	5.11	1.0	-8.58
1579694344803	4.98	0.98	-8.63
1579694344832	5.07	1.06	-8.68
1579694344922	5.0	1.04	-8.65
1579694345221	5.02	1.05	-8.71
1579694345252	4.94	1.1	-8.52
1579694345311	5.0	1.1	-8.81
1579694345313	4.95	0.96	-8.74
1579694345432	4.83	1.01	-8.62
1579694345761	4.94	1.08	-8.82
1579694345821	5.15	1.05	-8.36
1579694345822	4.97	0.79	-8.68
1579694345824	5.12	1.05	-8.55
1579694345913	5.04	1.02	-8.68
1579694346032	5.1	0.94	-8.58
1579694346422	5.04	0.94	-8.66
1579694346423	5.02	0.98	-8.62
1579694346451	5.05	0.93	-8.56
1579694346635	5.09	0.94	-8.61
1579694346991	5.09	0.96	-8.56
1579694346999	5.04	0.94	-8.71
1579694347022	5.09	0.93	-8.59
1579694347023	5.11	0.98	-8.66
1579694347112	5.11	0.97	-8.6
1579694347232	5.13	0.93	-8.58
1579694347322	5.14	1.0	-8.64
1579694347502	5.08	0.94	-8.59
1579694347592	5.09	0.98	-8.57
1579694347681	5.16	1.0	-8.59
1579694347712	5.13	0.98	-8.61
1579694347832	5.13	0.98	-8.56
1579694348101	5.13	1.0	-8.62
1579694348132	5.11	1.02	-8.6
1579694348133	5.14	1.02	-8.56
1579694348222	5.14	1.01	-8.61
1579694348313	5.14	1.03	-8.61
1579694348522	5.15	1.0	-8.57
1579694348524	5.12	1.01	-8.6
1579694348613	5.13	1.03	-8.57
1579694348733	5.12	1.01	-8.57
1579694348825	5.13	1.01	-8.59
1579694348913	5.13	1.04	-8.52
1579694349032	5.11	0.98	-8.64
1579694349122	5.07	1.03	-8.57
1579694349213	5.14	1.0	-8.53
1579694349361	5.14	1.03	-8.57
1579694349422	5.15	1.03	-8.59
1579694349512	5.14	0.99	-8.61
1579694349632	5.11	1.03	-8.54
1579694349722	5.13	1.0	-8.57
1579694349812	5.13	1.02	-8.6
1579694349936	5.08	1.03	-8.53
1579694350022	5.17	1.04	-8.59
1579694350209	5.24	1.06	-8.57
1579694350232	5.12	0.98	-8.57
1579694350322	5.28	0.83	-8.54
1579694350443	5.03	0.94	-8.62
1579694350621	5.19	1.2	-8.45
1579694350623	5.06	1.29	-8.64
1579694350713	5.14	1.03	-8.54
1579694350863	5.07	1.16	-8.51
1579694350952	5.06	1.18	-8.52
1579694351161	5.05	1.11	-8.52
1579694351222	5.15	1.2	-8.52
1579694351318	5.1	1.17	-8.58
1579694351372	5.12	1.15	-8.54
1579694351432	5.14	1.19	-8.55
1579694351553	5.13	1.16	-8.56
1579694351643	5.13	1.19	-8.56
1579694351732	5.11	1.19	-8.56
1579694351823	5.11	1.2	-8.54
1579694351943	5.1	1.22	-8.56
1579694352063	5.13	1.15	-8.52
1579694352152	5.11	1.2	-8.62
1579694352242	5.11	1.18	-8.55
1579694352332	5.13	1.19	-8.6
1579694352422	5.11	1.2	-8.57
1579694352572	5.12	1.19	-8.56
1579694352661	5.11	1.19	-8.58
1579694352752	5.1	1.2	-8.56
1579694352842	5.11	1.18	-8.52
1579694352932	5.15	1.21	-8.58
1579694353022	5.14	1.2	-8.6
1579694353172	5.15	1.22	-8.53
1579694353264	5.12	1.13	-8.51
1579694353352	5.39	1.25	-8.46
1579694353442	5.2	1.14	-8.45
1579694353532	5.15	1.24	-8.52
1579694353652	5.26	1.32	-8.45
1579694353772	5.46	1.49	-8.22
1579694353861	5.36	1.4	-8.33
1579694353952	5.54	1.13	-9.54
1579694354042	4.93	1.23	-8.52
1579694354161	5.34	1.27	-8.47
1579694354252	5.33	0.96	-8.29
1579694354461	5.51	1.22	-8.68
1579694354463	5.17	1.21	-8.45
1579694354552	5.3	1.23	-8.43
1579694354642	5.19	1.16	-8.54
1579694354761	5.3	1.11	-8.32
1579694354853	5.46	1.28	-8.37
1579694354972	5.05	1.18	-8.67
1579694355061	5.35	1.24	-8.38
1579694355152	5.08	1.29	-8.6
1579694355242	5.22	1.25	-8.59
1579694355361	5.16	1.21	-8.56
1579694355485	5.08	1.25	-8.51
1579694355512	5.14	1.25	-8.49
1579694355661	5.15	1.2	-8.53
1579694355752	5.06	1.2	-8.62
1579694355812	5.13	1.22	-8.49
1579694355991	5.1	1.21	-8.57
1579694356081	5.12	1.19	-8.56
1579694356112	5.1	1.25	-8.57
1579694356261	5.14	1.18	-8.56
1579694356381	5.09	1.21	-8.51
1579694356412	5.14	1.18	-8.52
1579694356592	5.11	1.23	-8.54
1579694356681	5.15	1.18	-8.52
1579694356712	5.13	1.24	-8.55
1579694356891	5.15	1.19	-8.54
1579694356922	5.16	1.22	-8.57
1579694357013	5.18	1.24	-8.52
1579694357191	5.16	1.23	-8.51
1579694357222	5.19	1.23	-8.52
1579694357312	5.16	1.27	-8.49
1579694357521	5.17	1.16	-8.49
1579694357523	5.19	1.29	-8.53
1579694357702	5.19	1.2	-8.52
1579694357791	5.22	1.19	-8.51
1579694357822	5.21	1.18	-8.52
1579694357912	5.15	1.22	-8.54
1579694358032	5.13	1.23	-8.48
1579694358122	5.16	1.22	-8.56
1579694358302	5.15	1.22	-8.59
1579694358332	5.14	1.22	-8.56
1579694358422	5.13	1.18	-8.54
1579694358512	5.13	1.22	-8.56
1579694358632	5.13	1.23	-8.56
1579694358725	5.13	1.2	-8.53
1579694358813	5.15	1.25	-8.56
1579694358991	5.12	1.19	-8.46
1579694359022	5.31	1.41	-8.44
1579694359113	5.13	1.05	-8.42
1579694359351	5.38	0.75	-8.32
1579694359353	5.42	0.77	-8.31
1579694359501	5.38	0.77	-8.12
1579694359561	5.47	1.08	-8.29
1579694359623	5.38	0.86	-8.28
1579694359713	5.52	0.94	-8.33
1579694359921	5.47	0.98	-8.38
1579694359923	5.45	0.69	-8.42
1579694360018	5.48	0.81	-8.41
1579694360161	5.41	0.85	-8.39
1579694360222	5.42	0.78	-8.41
1579694360343	5.46	0.62	-8.39
1579694360433	5.44	0.77	-8.4
1579694360523	5.48	0.79	-8.36
1579694360613	5.42	0.61	-8.35
1579694360821	5.46	0.69	-8.39
1579694360823	5.5	0.81	-8.32
1579694361122	5.45	0.73	-8.31
1579694361123	5.49	0.6	-8.37
1579694361130	5.5	0.7	-8.35
1579694361213	5.48	0.82	-8.37
1579694361332	5.47	0.66	-8.38
1579694361423	5.45	0.63	-8.35
1579694361543	5.5	0.74	-8.34
1579694361722	5.42	0.7	-8.42
1579694361781	5.49	0.65	-8.36
1579694361812	5.47	0.69	-8.46
1579694361932	5.47	0.63	-8.38
1579694362052	5.43	0.66	-8.42
1579694362113	5.37	0.6	-8.45
1579694362232	5.43	0.77	-8.54
1579694362322	5.37	0.55	-8.41
1579694362443	5.21	0.85	-8.58
1579694362652	5.24	1.29	-8.46
1579694362653	5.57	1.08	-8.63
1579694362742	3.9	0.87	-8.77
1579694362832	4.52	1.02	-8.59
1579694362922	5.23	1.14	-8.5
1579694363071	4.73	1.11	-8.85
1579694363165	4.93	1.25	-8.55
1579694363253	4.87	1.13	-8.76
1579694363312	4.84	1.15	-8.7
1579694363461	4.84	1.17	-8.7
1579694363552	4.83	1.14	-8.74
1579694363612	4.83	1.14	-8.76
1579694363761	4.84	1.14	-8.69
1579694363822	4.84	1.12	-8.72
1579694363912	4.83	1.1	-8.73
1579694364032	4.83	1.12	-8.67
1579694364181	4.88	1.14	-8.75
1579694364274	4.89	1.13	-8.77
1579694364422	4.87	1.11	-8.74
1579694364458	4.86	1.11	-8.74
1579694364571	4.89	1.12	-8.72
1579694364632	4.85	1.11	-8.72
1579694364752	4.88	1.13	-8.71
1579694364871	4.88	1.12	-8.74
1579694365051	4.91	1.16	-8.74
1579694365053	4.91	1.13	-8.72
1579694365143	4.91	1.14	-8.78
1579694365261	4.88	1.11	-8.74
1579694365352	4.84	1.09	-8.74
1579694365471	4.84	1.09	-8.74
1579694365568	4.84	1.12	-8.7
1579694365682	4.83	1.09	-8.71
1579694365771	4.87	1.09	-8.72
1579694365891	4.89	1.11	-8.7
1579694365998	4.87	1.12	-8.71
1579694366072	4.9	1.11	-8.7
1579694366161	4.86	1.11	-8.72
1579694366252	4.89	1.1	-8.71
1579694366401	4.87	1.11	-8.72
1579694366435	4.88	1.09	-8.73
1579694366522	4.87	1.09	-8.69
1579694366642	4.88	1.09	-8.71
1579694366732	4.88	1.14	-8.71
1579694366822	4.86	1.1	-8.65
1579694366912	4.82	1.13	-8.69
1579694367032	4.85	1.06	-8.62
1579694367122	5.0	1.24	-8.66
1579694367212	4.89	1.34	-8.75
1579694367332	4.89	1.22	-8.77
1579694367422	4.87	1.57	-8.89
1579694367574	4.82	1.43	-8.63
1579694367632	4.87	1.31	-8.53
1579694367722	4.89	1.21	-8.74
1579694367812	4.79	1.36	-8.67
1579694367932	4.81	1.34	-8.81
1579694368022	4.81	1.28	-8.67
1579694368112	4.79	1.3	-8.74
1579694368232	4.83	1.34	-8.68
1579694368322	4.8	1.38	-8.77
1579694368412	4.84	1.33	-8.6
1579694368532	4.78	1.36	-8.69
1579694368626	4.81	1.36	-8.69
1579694368742	4.8	1.42	-8.73
1579694368832	4.82	1.43	-8.73
1579694368922	4.83	1.4	-8.7
1579694369012	4.83	1.4	-8.69
1579694369132	4.8	1.46	-8.69
1579694369222	4.86	1.39	-8.73
1579694369312	4.81	1.42	-8.69
1579694369432	4.87	1.43	-8.72
1579694369522	4.8	1.45	-8.74
1579694369612	4.84	1.44	-8.71
1579694369734	4.81	1.46	-8.7
1579694369822	4.84	1.43	-8.67
1579694370008	4.78	1.57	-8.75
1579694370062	4.82	1.52	-8.65
1579694370122	4.79	1.6	-8.74
1579694370213	4.88	1.31	-8.67
1579694370333	5.03	1.49	-8.76
1579694370422	4.62	1.35	-8.44
1579694370513	5.01	1.25	-8.63
1579694370632	4.9	1.39	-8.58
1579694370722	4.78	1.44	-8.75
1579694370843	4.95	1.3	-8.56
1579694370933	4.9	1.53	-8.57
1579694371027	4.97	1.51	-8.89
1579694371113	5.24	1.43	-8.58
1579694371232	4.7	1.21	-8.69
1579694371322	4.95	1.47	-8.61
1579694371443	5.08	1.41	-8.49
1579694371621	4.9	1.39	-8.63
1579694371623	4.95	1.43	-8.67
1579694371713	4.9	1.37	-8.58
1579694371833	4.92	1.45	-8.67
1579694372041	4.95	1.39	-8.64
1579694372043	4.91	1.38	-8.66
1579694372138	4.93	1.38	-8.67
1579694372223	4.94	1.39	-8.65
1579694372343	4.92	1.36	-8.65
1579694372433	4.94	1.4	-8.65
1579694372553	4.9	1.34	-8.59
1579694372643	4.98	1.41	-8.68
1579694372733	4.93	1.38	-8.71
1579694372822	4.94	1.35	-8.64
1579694372942	4.89	1.36	-8.62
1579694373152	4.92	1.36	-8.61
1579694373153	4.93	1.38	-8.63
1579694373247	4.92	1.36	-8.63
1579694373333	4.96	1.36	-8.64
1579694373481	4.94	1.37	-8.65
1579694373542	4.96	1.38	-8.63
1579694373661	4.92	1.37	-8.66
1579694373722	4.95	1.35	-8.51
1579694373842	4.9	1.36	-8.61
1579694373932	4.97	1.36	-8.6
1579694374052	4.91	1.4	-8.63
1579694374115	4.98	1.37	-8.61
1579694374261	4.96	1.38	-8.63
1579694374352	4.96	1.37	-8.64
1579694374412	4.95	1.37	-8.64
1579694374561	4.94	1.34	-8.63
1579694374652	4.93	1.35	-8.63
1579694374712	4.95	1.35	-8.67
1579694374891	4.94	1.33	-8.61
1579694374922	4.91	1.33	-8.69
1579694375042	4.96	1.34	-8.6
1579694375161	4.95	1.33	-8.71
1579694375224	4.96	1.3	-8.62
1579694375372	4.93	1.34	-8.6
1579694375462	4.93	1.32	-8.63
1579694375522	4.97	1.33	-8.64
1579694375671	4.95	1.32	-8.66
1579694375762	4.96	1.33	-8.63
1579694375882	4.98	1.31	-8.67
1579694375972	4.95	1.34	-8.69
1579694376062	4.94	1.32	-8.62
1579694376152	4.94	1.29	-8.62
1579694376272	4.95	1.34	-8.61
1579694376392	4.95	1.34	-8.63
1579694376481	4.97	1.32	-8.64
1579694376571	4.98	1.31	-8.66
1579694376871	4.98	1.36	-8.58
1579694376873	4.94	1.35	-8.61
1579694376875	4.99	1.35	-8.62
1579694376992	4.96	1.36	-8.68
1579694377081	4.99	1.32	-8.6
1579694377171	4.96	1.37	-8.66
1579694377262	4.96	1.29	-8.63
1579694377381	4.93	1.3	-8.68
1579694377502	4.96	1.32	-8.62
1579694377591	4.94	1.3	-8.61
1579694377682	4.96	1.31	-8.64
1579694377772	4.95	1.31	-8.63
1579694377892	4.99	1.32	-8.66
1579694377981	4.97	1.33	-8.67
1579694378101	4.97	1.31	-8.66
1579694378191	4.91	1.31	-8.57
1579694378281	4.96	1.32	-8.61
1579694378371	4.98	1.33	-8.63
1579694378491	4.96	1.32	-8.63
1579694378611	4.98	1.33	-8.61
1579694378613	5.0	1.33	-8.65
1579694378791	4.96	1.33	-8.6
1579694378881	5.03	1.34	-8.63
1579694379002	5.0	1.32	-8.65
1579694379091	4.97	1.35	-8.66
1579694379211	5.01	1.33	-8.62
1579694379213	4.99	1.35	-8.63
1579694379391	5.0	1.34	-8.61
1579694379422	5.0	1.35	-8.6
1579694379601	4.99	1.34	-8.62
1579694379901	5.0	1.34	-8.62
1579694379903	4.99	1.33	-8.59
1579694379910	4.97	1.34	-8.6
1579694379992	5.0	1.3	-8.56
1579694380111	4.98	1.34	-8.64
1579694380113	5.01	1.33	-8.61
1579694380321	4.96	1.28	-8.65
1579694380501	5.0	1.36	-8.62
1579694380503	4.98	1.32	-8.62
1579694380532	4.97	1.34	-8.61
1579694380622	4.96	1.35	-8.6
1579694380831	4.93	1.29	-8.55
1579694380833	4.92	1.34	-8.61
1579694380927	5.0	1.31	-8.52
1579694381042	4.96	1.33	-8.66
1579694381132	5.02	1.32	-8.6
1579694381223	4.98	1.34	-8.62
1579694381431	4.99	1.33	-8.62
1579694381433	5.0	1.33	-8.59
1579694381523	5.0	1.33	-8.62
1579694381642	4.99	1.35	-8.62
1579694381732	4.99	1.32	-8.65
1579694381882	5.0	1.37	-8.58
1579694381942	5.02	1.32	-8.54
1579694382032	4.99	1.38	-8.65
1579694382122	5.02	1.33	-8.59
1579694382242	4.97	1.32	-8.62
1579694382332	5.0	1.32	-8.61
1579694382423	4.98	1.32	-8.63
1579694382542	5.0	1.32	-8.6
1579694382632	4.97	1.32	-8.57
1579694382722	5.01	1.33	-8.6
1579694382871	5.0	1.33	-8.63
1579694382936	4.98	1.32	-8.62
1579694383023	4.93	1.31	-8.63
1579694383142	4.97	1.35	-8.59
1579694383232	4.99	1.33	-8.61
1579694383323	4.98	1.3	-8.62
1579694383442	4.98	1.32	-8.6
1579694383532	4.99	1.35	-8.65
1579694383622	4.98	1.32	-8.61
1579694383743	4.96	1.36	-8.65
1579694383832	4.99	1.31	-8.58
1579694383922	4.95	1.32	-8.67
1579694384042	5.0	1.33	-8.62
1579694384191	5.0	1.34	-8.6
1579694384257	5.0	1.32	-8.62
1579694384342	5.01	1.36	-8.6
1579694384432	5.0	1.32	-8.64
1579694384552	4.99	1.36	-8.6
1579694384642	5.01	1.33	-8.62
1579694384762	5.0	1.33	-8.61
1579694384852	4.96	1.34	-8.63
1579694384942	5.01	1.31	-8.61
1579694385032	4.97	1.31	-8.62
1579694385152	5.0	1.33	-8.61
1579694385272	4.98	1.29	-8.63
1579694385362	4.98	1.31	-8.66
1579694385452	4.97	1.3	-8.57
1579694385542	5.0	1.32	-8.63
1579694385663	5.01	1.3	-8.62
1579694385753	4.97	1.32	-8.63
1579694385872	4.99	1.31	-8.62
1579694386051	4.98	1.32	-8.61
1579694386053	4.99	1.32	-8.61
1579694386142	4.98	1.32	-8.62
1579694386262	4.99	1.33	-8.62
1579694386382	4.95	1.31	-8.59
1579694386478	4.97	1.27	-8.53
1579694386562	4.95	1.34	-8.58
1579694386652	5.03	1.31	-8.55
1579694386772	4.99	1.37	-8.63
1579694386862	5.03	1.32	-8.62
1579694386981	5.0	1.32	-8.62
1579694387071	5.01	1.31	-8.6
1579694387162	4.99	1.31	-8.61
1579694387252	4.99	1.31	-8.62
1579694387374	5.02	1.31	-8.65
1579694387492	5.01	1.31	-8.59
1579694387581	5.0	1.36	-8.62
1579694387671	4.99	1.3	-8.6
1579694387762	4.95	1.3	-8.6
1579694387881	4.97	1.32	-8.59
1579694387972	4.99	1.32	-8.59
1579694388091	4.96	1.3	-8.61
1579694388181	4.99	1.31	-8.61
1579694388271	4.97	1.33	-8.55
1579694388362	4.94	1.3	-8.57
1579694388482	4.93	1.31	-8.61
1579694388691	5.01	1.3	-8.58
1579694388698	4.97	1.33	-8.65
1579694388782	5.0	1.31	-8.62
1579694388871	4.99	1.32	-8.62
1579694388991	4.99	1.33	-8.6
1579694389022	5.01	1.33	-8.62
1579694389201	4.98	1.32	-8.6
1579694389291	5.01	1.31	-8.61
1579694389381	5.03	1.32	-8.61
1579694389471	5.02	1.33	-8.66
1579694389534	5.02	1.33	-8.61
1579694389712	4.98	1.33	-8.62
1579694389801	4.99	1.33	-8.61
1579694389832	5.01	1.34	-8.59
1579694389981	5.0	1.3	-8.61
1579694390042	4.99	1.32	-8.59
1579694390132	4.98	1.34	-8.61
1579694390222	4.99	1.33	-8.58
1579694390401	4.95	1.3	-8.66
1579694390432	5.01	1.32	-8.55
1579694390522	4.97	1.33	-8.68
1579694390646	4.98	1.33	-8.62
1579694390733	4.95	1.29	-8.59
1579694390828	4.96	1.33	-8.62
1579694390943	4.97	1.29	-8.63
1579694391033	4.99	1.33	-8.65
1579694391122	5.0	1.31	-8.65
1579694391243	4.97	1.34	-8.68
1579694391332	5.0	1.3	-8.63
1579694391423	4.97	1.29	-8.59
1579694391542	5.0	1.42	-8.62
1579694391632	5.01	1.32	-8.58
1579694391726	4.98	1.33	-8.62
1579694391931	5.0	1.42	-8.63
1579694392028	4.97	1.29	-8.64
1579694392113	5.02	1.38	-8.64
1579694392142	4.95	1.34	-8.59
1579694392232	4.97	1.33	-8.63
1579694392323	4.98	1.33	-8.66
1579694392442	4.94	1.31	-8.62
1579694392533	4.96	1.34	-8.64
1579694392623	4.97	1.31	-8.64
1579694392742	5.0	1.34	-8.65
1579694392862	5.0	1.35	-8.64
1579694392923	4.99	1.34	-8.67
1579694393047	4.95	1.33	-8.61
1579694393132	4.91	1.33	-8.6
1579694393223	4.95	1.33	-8.62
1579694393342	4.95	1.34	-8.57
1579694393432	4.93	1.29	-8.68
1579694393523	4.91	1.3	-8.64
1579694393642	4.9	1.29	-8.56
1579694393732	4.98	1.33	-8.7
1579694393823	5.0	1.34	-8.63
1579694393946	4.98	1.33	-8.63
1579694394062	4.99	1.32	-8.62
1579694394159	4.97	1.3	-8.79
1579694394243	4.6	1.3	-8.96
1579694394332	5.26	1.26	-8.81
1579694394423	4.6	1.33	-8.26
1579694394542	5.03	1.24	-8.57
1579694394633	4.78	1.23	-8.59
1579694394753	4.92	1.23	-8.63
1579694394842	4.94	1.27	-8.5
1579694394932	4.97	1.27	-8.65
1579694395025	5.0	1.29	-8.57
1579694395142	4.97	1.29	-8.64
1579694395262	4.96	1.34	-8.61
1579694395353	4.99	1.27	-8.53
1579694395443	4.97	1.31	-8.62
1579694395532	5.01	1.31	-8.54
1579694395653	5.0	1.29	-8.66
1579694395743	5.02	1.29	-8.61
1579694395862	5.01	1.3	-8.62
1579694395953	5.01	1.29	-8.61
1579694396043	5.02	1.3	-8.6
1579694396133	5.0	1.3	-8.56
1579694396252	5.01	1.29	-8.62
1579694396372	4.99	1.32	-8.56
1579694396462	5.02	1.3	-8.52
1579694396553	4.99	1.32	-8.62
1579694396643	5.03	1.24	-8.61
1579694396762	5.03	1.3	-8.62
1579694396852	4.94	1.38	-8.62
1579694396971	4.99	1.28	-8.65
1579694397062	5.01	1.28	-8.57
1579694397152	4.73	1.22	-8.51
1579694397246	5.38	1.56	-8.84
1579694397362	4.78	1.38	-8.33
1579694397481	5.28	1.5	-8.63
1579694397571	4.84	1.44	-8.63
1579694397662	5.01	1.47	-8.56
1579694397753	4.92	1.51	-8.52
1579694397871	4.89	1.44	-8.52
1579694397962	5.32	1.5	-8.51
1579694398082	5.25	1.51	-8.78
1579694398171	4.84	1.31	-8.29
1579694398262	5.04	1.35	-8.45
1579694398352	4.92	1.44	-8.51
1579694398442	5.17	1.39	-8.59
1579694398562	4.9	1.38	-8.6
1579694398622	5.13	1.39	-8.49
1579694398771	5.01	1.39	-8.62
1579694398862	5.11	1.33	-8.52
1579694398922	5.23	1.55	-8.36
1579694399071	5.17	1.25	-8.51
1579694399191	5.18	1.39	-8.52
1579694399281	5.18	1.4	-8.52
1579694399371	5.18	1.37	-8.47
1579694399435	5.0	1.39	-8.62
1579694399522	5.23	1.3	-8.52
1579694399701	5.06	1.34	-8.57
1579694399792	5.08	1.36	-8.52
1579694399881	5.1	1.33	-8.58
1579694399971	5.0	1.37	-8.58
1579694400091	5.09	1.4	-8.58
1579694400181	5.07	1.34	-8.54
1579694400301	5.01	1.36	-8.59
1579694400392	5.1	1.38	-8.55
1579694400481	5.07	1.35	-8.6
1579694400574	5.13	1.37	-8.55
1579694400692	5.06	1.34	-8.58
1579694400723	5.12	1.4	-8.58
1579694400901	5.06	1.33	-8.52
1579694400991	5.04	1.35	-8.58
1579694401082	5.05	1.34	-8.57
1579694401201	5.05	1.34	-8.59
1579694401291	5.06	1.3	-8.58
1579694401412	5.04	1.29	-8.64
1579694401501	5.08	1.35	-8.55
1579694401591	5.05	1.29	-8.58
1579694401626	5.04	1.34	-8.55
1579694401802	5.08	1.3	-8.5
1579694401921	5.01	1.3	-8.59
1579694402012	5.07	1.3	-8.52
1579694402102	5.04	1.31	-8.57
1579694402192	5.07	1.33	-8.57
1579694402341	5.08	1.33	-8.57
1579694402402	5.07	1.33	-8.56
1579694402521	5.09	1.34	-8.55
1579694402523	5.13	1.34	-8.55
1579694402702	5.08	1.29	-8.56
1579694402735	5.16	1.37	-8.55
1579694402825	5.12	1.32	-8.68
1579694402971	5.12	1.35	-8.53
1579694403032	5.12	1.31	-8.54
1579694403123	5.11	1.34	-8.55
1579694403301	5.09	1.34	-8.53
1579694403332	5.08	1.31	-8.56
1579694403423	5.1	1.32	-8.54
1579694403631	5.09	1.31	-8.57
1579694403633	5.07	1.32	-8.52
1579694403723	5.05	1.33	-8.56
1579694403845	5.11	1.29	-8.52
1579694403932	5.08	1.34	-8.6
1579694404027	5.1	1.29	-8.55
1579694404143	5.09	1.32	-8.59
1579694404233	5.08	1.3	-8.55
1579694404323	5.07	1.32	-8.58
1579694404471	5.09	1.32	-8.56
1579694404532	5.07	1.33	-8.56
1579694404623	5.04	1.29	-8.49
1579694404743	5.02	1.33	-8.52
1579694404925	5.1	1.31	-8.52
1579694405013	5.08	1.34	-8.54
1579694405042	5.1	1.3	-8.6
1579694405138	5.11	1.33	-8.56
1579694405253	5.12	1.31	-8.54
1579694405343	5.11	1.3	-8.53
1579694405433	5.11	1.31	-8.54
1579694405523	5.09	1.32	-8.55
1579694405643	5.11	1.27	-8.44
1579694405733	5.05	1.29	-8.54
1579694405853	5.13	1.29	-8.48
1579694406002	5.08	1.33	-8.56
1579694406121	5.12	1.29	-8.55
1579694406123	5.12	1.3	-8.54
1579694406247	5.11	1.3	-8.54
1579694406541	5.11	1.3	-8.56
1579694406543	5.12	1.33	-8.57
1579694406545	5.09	1.3	-8.54
1579694406633	5.15	1.34	-8.57
1579694406753	5.12	1.3	-8.53
1579694406843	5.1	1.32	-8.57
1579694407051	5.11	1.3	-8.54
1579694407053	5.1	1.32	-8.57
1579694407175	5.12	1.34	-8.52
1579694407232	5.1	1.29	-8.55
1579694407358	5.1	1.32	-8.55
1579694407562	5.11	1.31	-8.52
1579694407564	5.11	1.27	-8.53
1579694407653	5.06	1.3	-8.54
1579694407743	5.11	1.29	-8.5
1579694407863	5.09	1.34	-8.55
1579694407953	5.12	1.26	-8.61
1579694408162	5.1	1.3	-8.54
1579694408164	5.09	1.29	-8.55
1579694408253	5.11	1.27	-8.55
1579694408342	5.11	1.29	-8.53
1579694408469	5.1	1.29	-8.58
1579694408672	5.13	1.31	-8.54
1579694408675	5.08	1.29	-8.6
1579694408763	5.1	1.28	-8.52
1579694408853	5.06	1.29	-8.52
1579694408972	5.1	1.31	-8.56
1579694409062	5.09	1.3	-8.53
1579694409362	5.11	1.29	-8.53
1579694409363	5.11	1.28	-8.58
1579694409365	5.12	1.32	-8.5
1579694409452	5.07	1.31	-8.51
1579694409542	5.06	1.29	-8.45
1579694409871	5.12	1.12	-8.53
1579694409873	5.11	1.29	-8.48
1579694409875	5.12	1.37	-8.58
1579694409963	5.14	1.27	-8.54
1579694410082	4.96	1.29	-8.59
1579694410172	5.19	1.28	-8.52
1579694410475	4.95	1.4	-8.57
1579694410503	5.11	1.29	-8.58
1579694410503	5.09	1.35	-8.56
1579694410562	5.2	1.37	-8.67
1579694410682	5.06	1.09	-8.22
1579694410802	4.95	1.24	-8.53
1579694410893	5.13	1.39	-8.42
1579694410982	5.04	1.32	-8.62
1579694411071	5.16	1.29	-8.62
1579694411191	5.06	1.29	-8.51
1579694411281	5.11	1.29	-8.64
1579694411492	5.07	1.22	-8.53
1579694411821	5.15	1.29	-8.56
1579694412092	5.13	1.29	-8.57
1579694412093	5.13	1.25	-8.58
1579694412182	5.11	1.27	-8.56
1579694412302	5.15	1.32	-8.56
1579694412391	5.05	1.29	-8.57
1579694412602	5.07	1.24	-8.52
1579694412603	5.0	1.25	-8.61
1579694412694	5.05	1.29	-8.52
1579694412723	5.03	1.27	-8.57
1579694412902	5.04	1.25	-8.53
1579694413023	5.06	1.24	-8.62
1579694413111	5.14	1.3	-8.52
1579694413291	5.1	1.27	-8.58
1579694413299	5.07	1.25	-8.52
1579694413323	5.12	1.24	-8.55
1579694413502	5.08	1.26	-8.55
1579694413802	5.1	1.25	-8.55
1579694413803	5.08	1.26	-8.58
1579694413805	5.14	1.29	-8.6
1579694413833	5.14	1.27	-8.59
1579694413923	5.11	1.28	-8.59
1579694414042	5.09	1.25	-8.55
1579694414133	5.02	1.24	-8.51
1579694414223	4.85	1.25	-8.37
1579694414402	5.27	1.33	-8.41
1579694414492	5.44	1.55	-8.94
1579694414522	5.05	1.34	-8.32
1579694414642	5.35	1.18	-8.54
1579694414732	5.03	1.31	-8.52
1579694414912	5.12	1.21	-8.54
1579694415002	5.26	1.29	-8.41
1579694415033	5.06	1.3	-8.54
1579694415123	5.22	1.28	-8.52
1579694415242	4.63	1.2	-8.44
1579694415333	5.29	1.61	-8.85
1579694415427	5.0	1.27	-8.38
1579694415631	5.16	1.29	-8.42
1579694415633	4.91	1.23	-8.65
1579694415723	5.33	1.47	-8.44
1579694415843	4.98	1.67	-8.25
1579694416022	5.47	1.31	-8.52
1579694416024	5.25	1.15	-8.49
1579694416142	5.47	1.62	-8.43
1579694416233	5.18	1.32	-8.36
1579694416353	5.41	1.36	-8.38
1579694416443	5.43	1.41	-8.38
1579694416539	5.28	1.42	-8.48
1579694416623	5.24	1.26	-8.35
1579694416742	5.32	1.4	-8.55
1579694416832	5.36	1.17	-8.27
1579694416953	5.26	1.22	-8.29
1579694417046	5.26	1.1	-8.61
1579694417132	5.25	1.15	-8.33
1579694417223	5.34	1.09	-8.49
1579694417342	5.31	0.99	-8.47
1579694417462	5.07	1.08	-8.53
1579694417552	5.31	1.09	-8.46
1579694417642	5.26	1.08	-8.54
1579694417732	5.29	1.08	-8.48
1579694417852	5.3	1.11	-8.52
1579694417942	5.14	1.1	-8.65
1579694418062	5.2	1.07	-8.5
1579694418152	5.28	1.08	-8.42
1579694418243	5.25	1.12	-8.44
1579694418332	5.27	1.1	-8.49
1579694418452	5.26	1.12	-8.5
1579694418572	5.3	1.07	-8.52
1579694418662	5.35	1.06	-8.49
1579694418752	5.26	1.11	-8.58
1579694418843	5.25	1.08	-8.4
1579694418962	5.23	1.11	-8.48
1579694419052	5.28	1.13	-8.52
1579694419171	5.22	1.14	-8.54
1579694419262	5.26	1.09	-8.44
1579694419352	5.26	1.12	-8.52
1579694419442	5.27	1.1	-8.42
1579694419562	5.21	1.09	-8.5
1579694419681	5.24	1.08	-8.41
1579694419771	5.19	1.09	-8.52
1579694419862	5.22	1.08	-8.51
1579694419953	5.18	1.15	-8.52
1579694420071	5.24	1.06	-8.51
1579694420162	5.22	1.09	-8.52
1579694420282	5.2	1.05	-8.55
1579694420374	5.23	1.06	-8.48
1579694420463	5.22	1.09	-8.51
1579694420552	5.23	1.06	-8.47
1579694420671	5.21	1.07	-8.46
1579694420791	5.25	1.06	-8.46
1579694420882	5.23	1.08	-8.53
1579694420972	5.28	1.1	-8.48
1579694421062	5.24	1.06	-8.54
1579694421181	5.27	1.12	-8.49
1579694421271	5.28	1.11	-8.48
1579694421391	5.23	1.09	-8.47
1579694421484	5.28	1.12	-8.49
1579694421572	5.28	1.11	-8.49
1579694421722	5.27	1.11	-8.54
1579694421723	5.25	1.09	-8.47
1579694421902	5.22	1.1	-8.46
1579694421992	5.29	1.11	-8.48
1579694422082	5.25	1.13	-8.48
1579694422172	5.27	1.11	-8.48
1579694422291	5.3	1.13	-8.46
1579694422322	5.27	1.08	-8.47
1579694422502	5.25	1.12	-8.46
1579694422595	5.24	1.09	-8.43
1579694422623	5.23	1.1	-8.54
1579694422771	5.27	1.11	-8.5
1579694422832	5.23	1.1	-8.51
1579694422981	5.24	1.13	-8.49
1579694423102	5.23	1.1	-8.51
1579694423132	5.24	1.1	-8.51
1579694423282	5.2	1.12	-8.64
1579694423402	5.25	1.08	-8.52
1579694423432	5.23	1.08	-8.5
1579694423612	5.27	1.05	-8.53
1579694423702	5.27	1.13	-8.52
1579694423792	5.22	1.08	-8.52
1579694423822	5.19	1.1	-8.43
1579694424002	5.25	1.08	-8.58
1579694424152	5.25	1.11	-8.47
1579694424212	5.21	1.11	-8.52
1579694424242	5.25	1.14	-8.52
1579694424332	5.24	1.11	-8.52
1579694424452	5.26	1.11	-8.51
1579694424542	5.26	1.13	-8.48
1579694424632	5.24	1.13	-8.55
1579694424814	5.27	1.11	-8.47
1579694424842	5.22	1.14	-8.51
1579694424932	5.25	1.12	-8.49
1579694425022	5.23	1.14	-8.47
1579694425232	5.23	1.13	-8.5
1579694425234	5.22	1.11	-8.51
1579694425329	5.21	1.12	-8.49
1579694425502	5.0	1.01	-8.54
1579694425652	5.29	1.1	-8.46
1579694425835	5.25	1.15	-8.54
1579694425922	5.25	1.14	-8.52
1579694425923	5.21	1.09	-8.52
1579694425924	5.25	1.14	-8.48
1579694426042	5.24	1.13	-8.51
1579694426162	5.21	1.12	-8.51
1579694426223	5.25	1.14	-8.51
1579694426343	5.26	1.13	-8.5
1579694426438	5.23	1.12	-8.46
1579694426523	5.32	1.13	-8.52
1579694426732	5.24	1.13	-8.52
1579694426733	5.25	1.13	-8.51
1579694426823	5.22	1.11	-8.52
1579694427031	5.26	1.14	-8.52
1579694427033	5.26	1.14	-8.52
1579694427123	5.23	1.13	-8.5
1579694427242	5.21	1.13	-8.49
1579694427363	5.29	1.15	-8.48
1579694427453	5.23	1.2	-8.5
1579694427548	5.38	1.29	-8.58
1579694427722	5.31	1.31	-8.39
1579694427753	5.06	1.25	-8.63
1579694427842	5.06	1.32	-8.54
1579694427932	5.01	1.26	-8.62
1579694428142	4.96	1.32	-8.55
1579694428143	5.02	1.37	-8.63
1579694428233	4.97	1.36	-8.59
1579694428323	4.91	1.4	-8.61
1579694428442	4.98	1.49	-8.63
1579694428532	5.01	1.38	-8.6
1579694428749	4.97	1.41	-8.63
1579694428832	5.02	1.41	-8.57
1579694428833	4.97	1.36	-8.59
1579694428923	4.95	1.4	-8.65
1579694429043	5.0	1.4	-8.63
1579694429253	5.03	1.36	-8.55
1579694429254	5.01	1.36	-8.63
1579694429343	5.0	1.39	-8.6
1579694429432	4.99	1.38	-8.58
1579694429553	4.98	1.39	-8.66
1579694429672	4.98	1.38	-8.65
1579694429762	4.94	1.36	-8.63
1579694429853	4.93	1.35	-8.64
1579694429943	4.92	1.38	-8.66
1579694430033	4.91	1.35	-8.64
1579694430212	4.9	1.35	-8.63
1579694430272	4.93	1.36	-8.63
1579694430362	4.95	1.37	-8.66
1579694430453	4.96	1.35	-8.64
1579694430572	4.89	1.34	-8.62
1579694430632	4.94	1.34	-8.61
1579694430812	4.93	1.36	-8.64
1579694430872	4.94	1.34	-8.63
1579694430962	4.94	1.34	-8.64
1579694431172	4.97	1.38	-8.69
1579694431325	4.97	1.35	-8.65
1579694431472	4.98	1.39	-8.61
1579694431473	4.96	1.37	-8.65
1579694431475	4.97	1.37	-8.61
1579694431563	4.97	1.36	-8.64
1579694431653	4.97	1.37	-8.61
1579694431742	4.97	1.47	-8.62
1579694431832	4.96	1.43	-8.63
1579694431982	4.99	1.39	-8.57
1579694432072	4.96	1.4	-8.65
1579694432162	4.97	1.37	-8.55
1579694432282	4.97	1.37	-8.64
1579694432462	4.95	1.38	-8.64
1579694432463	4.91	1.35	-8.62
1579694432552	4.93	1.35	-8.62
1579694432643	4.93	1.3	-8.64
1579694432762	4.98	1.37	-8.64
1579694432882	4.96	1.36	-8.63
1579694432972	4.98	1.38	-8.66
1579694433092	4.97	1.37	-8.6
1579694433182	4.9	1.36	-8.59
1579694433272	4.96	1.38	-8.58
1579694433452	4.98	1.38	-8.58
1579694433572	5.03	1.36	-8.61
1579694433573	5.06	1.37	-8.56
1579694433632	5.08	1.48	-8.59
1579694433753	4.97	1.36	-8.6
1579694433872	5.03	1.42	-8.62
1579694433962	5.07	1.43	-8.52
1579694434292	5.03	1.4	-8.59
1579694434298	5.07	1.33	-8.56
1579694434382	5.02	1.36	-8.57
1579694434472	5.01	1.36	-8.59
1579694434475	4.99	1.37	-8.57
1579694434684	4.99	1.37	-8.61
1579694434802	4.99	1.29	-8.58
1579694434803	4.94	1.32	-8.62
1579694434892	4.98	1.31	-8.53
1579694434922	4.99	1.35	-8.64
1579694435072	5.04	1.33	-8.59
1579694435192	5.03	1.34	-8.59
1579694435222	5.03	1.33	-8.59
1579694435582	5.03	1.35	-8.57
1579694435583	5.02	1.38	-8.59
1579694435612	5.01	1.29	-8.54
1579694435702	5.02	1.39	-8.54
1579694435822	5.04	1.34	-8.54
1579694435823	5.01	1.37	-8.59
1579694436002	5.03	1.34	-8.56
1579694436032	5.04	1.36	-8.57
1579694436182	5.04	1.35	-8.57
1579694436302	5.04	1.36	-8.57
1579694436333	5.03	1.36	-8.6
1579694436422	5.05	1.38	-8.56
1579694436602	5.04	1.4	-8.57
1579694436632	5.05	1.36	-8.58
1579694436753	4.97	1.39	-8.54
1579694436932	5.05	1.36	-8.52
1579694436933	5.02	1.42	-8.6
1579694437023	5.03	1.42	-8.58
1579694437142	5.03	1.38	-8.6
1579694437352	5.01	1.39	-8.58
1579694437353	5.03	1.38	-8.57
1579694437448	5.03	1.4	-8.59
1579694437533	5.01	1.39	-8.56
1579694437712	5.02	1.35	-8.52
1579694437892	4.96	1.38	-8.59
1579694437893	5.03	1.35	-8.52
1579694438132	5.01	1.39	-8.62
1579694438133	5.05	1.37	-8.58
1579694438135	5.05	1.39	-8.58
1579694438312	5.04	1.39	-8.57
1579694438402	5.06	1.36	-8.57
1579694438432	5.04	1.39	-8.57
1579694438522	5.03	1.38	-8.56
1579694438643	5.09	1.4	-8.61
1579694439152	5.09	1.4	-8.58
1579694439153	5.05	1.43	-8.59
1579694439155	5.07	1.38	-8.58
1579694439243	5.03	1.38	-8.58
1579694439363	5.02	1.42	-8.55
1579694439572	5.02	1.42	-8.62
1579694439575	5.02	1.41	-8.56
1579694439663	5.02	1.41	-8.64
1579694439753	5.03	1.39	-8.58
1579694439848	5.03	1.43	-8.64
1579694440172	5.06	1.39	-8.58
1579694440173	5.03	1.42	-8.54
1579694440175	5.05	1.38	-8.58
1579694440233	5.05	1.4	-8.56
1579694440353	5.06	1.4	-8.59
1579694440622	5.07	1.4	-8.57
1579694440623	5.06	1.4	-8.63
1579694440742	5.04	1.39	-8.51
1579694440772	5.0	1.42	-8.6
1579694440862	5.06	1.4	-8.58
1579694441228	7.14	1.49	-6.75
1579694441342	4.61	1.2	-9.28
1579694441343	5.07	1.59	-8.37
1579694441642	4.97	1.39	-8.65
1579694441732	4.97	1.42	-8.64
1579694441735	4.93	1.38	-8.68
1579694441763	4.91	1.33	-8.66
1579694441882	4.9	1.38	-8.65
1579694441972	4.9	1.37	-8.61
1579694442362	4.92	1.33	-8.67
1579694442422	4.94	1.37	-8.61
1579694442428	4.96	1.33	-8.67
1579694442482	4.98	1.37	-8.67
1579694442483	4.95	1.33	-8.6
1579694442572	4.94	1.34	-8.67
1579694442842	4.97	1.36	-8.63
1579694442902	4.97	1.33	-8.67
1579694442992	4.98	1.36	-8.62
1579694442993	4.94	1.32	-8.66
1579694443082	4.95	1.37	-8.6
1579694443352	4.94	1.37	-8.59
1579694443353	5.01	1.37	-8.65
1579694443562	4.98	1.36	-8.66
1579694443592	4.95	1.36	-8.64
1579694443682	4.97	1.36	-8.62
1579694443683	4.95	1.38	-8.61
1579694443862	4.97	1.4	-8.57
1579694443863	4.97	1.36	-8.61
1579694443982	4.94	1.38	-8.6
1579694444102	4.94	1.39	-8.52
1579694444222	5.26	1.41	-8.81
1579694444282	4.97	1.42	-8.54
1579694444342	5.02	1.34	-8.34
1579694444702	4.94	1.34	-8.75
1579694444792	5.02	1.41	-8.32
1579694444792	5.2	1.43	-8.68
1579694444793	4.96	1.41	-8.56
1579694445092	5.11	1.37	-8.54
1579694445093	4.96	1.37	-8.62
1579694445095	5.06	1.34	-8.55
1579694445212	4.93	1.42	-8.57
1579694445302	4.99	1.36	-8.58
1579694445512	4.92	1.36	-8.63
1579694445513	4.95	1.38	-8.62
1579694445812	4.96	1.37	-8.63
1579694445902	4.95	1.37	-8.63
1579694445902	4.96	1.36	-8.63
1579694445903	4.96	1.37	-8.62
1579694446022	4.96	1.36	-8.64
1579694446023	5.0	1.4	-8.65
1579694446232	5.0	1.41	-8.63
1579694446235	4.96	1.4	-8.62
1579694446323	4.96	1.39	-8.65
1579694446832	4.95	1.4	-8.62
1579694446833	4.92	1.43	-8.56
1579694446840	4.92	1.39	-8.62
1579694446922	4.93	1.39	-8.62
1579694447342	4.93	1.42	-8.65
1579694447343	4.93	1.38	-8.6
1579694447345	4.91	1.42	-8.68
1579694447432	4.93	1.36	-8.71
1579694447522	4.9	1.37	-8.61
1579694447523	4.9	1.37	-8.67
1579694447732	4.91	1.38	-8.66
1579694447734	4.9	1.37	-8.66
1579694447942	4.91	1.39	-8.69
1579694447948	4.91	1.35	-8.66
1579694448033	4.86	1.38	-8.74
1579694448123	4.9	1.36	-8.63
1579694448242	4.86	1.35	-8.65
1579694448542	4.88	1.36	-8.68
1579694448543	4.88	1.36	-8.64
1579694448545	4.88	1.35	-8.67
1579694448782	4.87	1.35	-8.67
1579694448842	4.9	1.38	-8.57
1579694449023	4.9	1.36	-8.65
1579694449025	4.93	1.39	-8.62
1579694449142	4.91	1.4	-8.7
1579694449232	4.93	1.39	-8.62
1579694449233	4.9	1.41	-8.67
1579694449412	4.9	1.37	-8.65
1579694449652	4.88	1.39	-8.63
1579694449653	4.89	1.35	-8.64
1579694449655	4.89	1.36	-8.66
1579694449743	4.89	1.36	-8.66
1579694450162	4.9	1.32	-8.65
1579694450164	4.89	1.36	-8.69
1579694450252	4.91	1.35	-8.64
1579694450342	4.89	1.36	-8.71
1579694450522	4.92	1.39	-8.63
1579694450523	4.92	1.35	-8.69
1579694450524	4.92	1.37	-8.64
1579694450525	4.93	1.36	-8.64
1579694450702	4.92	1.38	-8.65
1579694450763	4.92	1.38	-8.62
1579694450853	4.9	1.36	-8.58
1579694451062	4.9	1.42	-8.61
1579694451063	4.99	1.38	-8.59
1579694451272	4.91	1.43	-8.63
1579694451362	4.95	1.37	-8.61
1579694451452	4.94	1.41	-8.63
1579694451453	4.93	1.38	-8.62
1579694451633	4.94	1.39	-8.6
1579694451872	4.88	1.41	-8.66
1579694451873	4.96	1.38	-8.66
1579694451875	4.93	1.39	-8.68
1579694451963	4.92	1.41	-8.73
1579694452172	4.94	1.37	-8.61
1579694452173	4.86	1.3	-8.59
1579694452382	4.91	1.34	-8.58
1579694452478	4.95	1.35	-8.64
1579694452563	5.05	1.29	-8.55
1579694452563	5.08	1.29	-8.57
1579694452983	5.03	1.4	-8.58
1579694453072	5.17	1.33	-8.63
1579694453462	5.06	1.3	-8.67
1579694453463	5.04	1.29	-8.52
1579694453582	5.02	1.34	-8.5
1579694453583	5.09	1.4	-8.57
1579694453672	5.16	1.49	-8.48
1579694453972	5.13	1.5	-8.51
1579694454182	5.2	1.27	-8.5
1579694454572	5.08	1.43	-8.45
1579694454573	4.93	1.39	-8.32
1579694454692	5.54	1.37	-8.58
1579694454693	5.36	1.32	-8.51
1579694454694	5.31	1.33	-8.42
1579694454782	5.14	1.2	-8.33
1579694454783	5.42	1.3	-8.52
1579694454842	5.08	1.16	-8.28
1579694454932	5.04	1.2	-7.96
1579694455142	5.86	1.34	-8.59
1579694455149	5.1	2.23	-8.55
1579694455232	5.42	1.1	-8.15
1579694455442	5.22	1.12	-8.49
1579694455502	4.96	1.4	-8.56
1579694455622	5.15	0.79	-8.4
1579694455653	5.19	1.4	-8.44
1579694455742	5.26	0.95	-8.8
1579694455892	5.02	1.23	-8.45
1579694456312	5.67	1.29	-8.58
1579694456313	5.39	1.31	-8.68
1579694456315	4.92	1.04	-8.32
1579694456407	5.39	1.12	-8.42
1579694456552	5.26	0.86	-8.36
1579694456852	5.21	1.29	-8.27
1579694456853	5.3	1.15	-8.57
1579694456883	5.24	1.06	-8.4
1579694457002	5.33	1.29	-8.37
1579694457092	5.36	1.18	-8.4
1579694457362	5.42	1.14	-8.49
1579694457363	5.26	1.12	-8.44
1579694457422	5.39	1.12	-8.35
1579694457424	5.49	1.16	-8.42
1579694457572	5.39	1.13	-8.35
1579694458022	5.41	1.18	-8.35
1579694458023	5.4	1.09	-8.35
1579694458112	5.42	1.21	-8.45
1579694458232	5.36	1.18	-8.41
1579694458293	5.33	1.21	-8.47
1579694458533	5.31	1.27	-8.38
1579694458535	5.27	1.25	-8.39
1579694458622	5.29	1.26	-8.38
1579694458624	5.29	1.32	-8.41
1579694458835	5.26	1.28	-8.48
1579694459019	5.33	1.31	-8.48
1579694459042	5.29	1.35	-8.49
1579694459043	5.25	1.31	-8.43
1579694459133	5.24	1.39	-8.42
1579694459223	5.26	1.29	-8.38
1579694459402	5.21	1.34	-8.48
1579694459642	5.24	1.35	-8.37
1579694459643	5.31	1.3	-8.41
1579694459732	5.28	1.39	-8.48
1579694460092	5.27	1.53	-8.45
1579694460093	5.31	1.39	-8.53
1579694460128	5.22	1.36	-8.45
1579694460273	5.25	1.59	-8.44
1579694460332	5.24	1.56	-8.39
1579694460453	5.21	1.61	-8.43
1579694460572	5.26	1.58	-8.41
1579694460662	5.25	1.55	-8.4
1579694460752	5.18	1.54	-8.42
1579694460842	5.2	1.62	-8.45
1579694460992	5.23	1.56	-8.41
1579694461232	5.24	1.56	-8.46
1579694461233	5.2	1.63	-8.46
1579694461358	5.28	1.59	-8.42
1579694461442	5.15	1.6	-8.46
1579694461443	5.17	1.63	-8.44
1579694461532	5.2	1.59	-8.47
1579694461623	5.17	1.65	-8.45
1579694461742	5.19	1.61	-8.47
1579694461892	5.16	1.62	-8.49
1579694461952	5.09	1.6	-8.48
1579694462042	5.13	1.51	-8.38
1579694462252	5.09	1.54	-8.51
1579694462462	5.19	1.53	-8.43
1579694462552	5.18	1.44	-8.32
1579694462822	5.16	1.52	-8.43
1579694462823	5.23	1.53	-8.52
1579694462824	5.2	1.49	-8.43
1579694462824	5.16	1.41	-8.39
1579694462912	4.98	1.46	-8.51
1579694462972	4.99	1.39	-8.57
1579694463062	4.86	1.5	-8.57
1579694463123	4.96	1.47	-8.62
1579694463304	4.97	1.46	-8.62
1579694463333	4.93	1.54	-8.72
1579694463422	5.0	1.51	-8.64
1579694463542	5.13	1.62	-8.57
1579694463633	4.78	1.5	-8.8
1579694463722	4.94	1.46	-8.65
1579694463932	4.94	1.59	-8.66
1579694464022	5.07	1.45	-8.45
1579694464023	4.93	1.54	-8.59
1579694464172	4.77	1.4	-8.73
1579694464355	4.93	1.58	-8.69
1579694464592	4.89	1.35	-8.51
1579694464593	4.92	1.47	-8.63
1579694464623	5.0	1.32	-8.61
1579694464682	4.91	1.44	-8.52
1579694464772	5.02	1.4	-8.55
1579694464862	4.92	1.37	-8.6
1579694464953	5.02	1.39	-8.58
1579694465282	4.99	1.46	-8.62
1579694465283	5.02	1.39	-8.58
1579694465495	5.04	1.43	-8.59
1579694465495	5.08	1.46	-8.62
1579694465496	5.14	1.53	-8.51
1579694465582	5.06	1.49	-8.58
1579694465649	5.03	1.44	-8.42
1579694465732	5.07	1.56	-8.55
1579694465882	5.14	1.39	-8.51
1579694465942	5.26	1.6	-8.53
1579694466302	5.2	1.35	-8.45
1579694466303	5.31	1.63	-8.35
1579694466305	5.25	1.43	-8.44
1579694466333	5.04	1.5	-8.64
1579694466452	5.09	1.45	-8.54
1579694466632	5.01	1.4	-8.61
1579694466932	4.99	1.43	-8.61
1579694466999	5.02	1.42	-8.52
1579694467412	4.97	1.43	-8.62
1579694467413	5.1	1.38	-8.54
1579694467415	5.04	1.44	-8.6
1579694467416	5.05	1.42	-8.55
1579694467952	5.02	1.4	-8.56
1579694468012	5.21	1.53	-8.53
1579694468013	5.05	1.37	-8.56
1579694468192	5.02	1.5	-8.52
1579694468253	5.05	1.48	-8.59
1579694468522	4.96	1.52	-8.58
1579694468528	4.98	1.44	-8.53
1579694468612	4.92	1.49	-8.57
1579694468614	4.98	1.44	-8.52
1579694468852	4.94	1.46	-8.6
1579694468973	4.97	1.45	-8.6
1579694469122	5.0	1.43	-8.6
1579694469123	5.03	1.45	-8.52
1579694469152	5.03	1.41	-8.62
1579694469243	4.97	1.46	-8.63
1579694469333	4.96	1.45	-8.66
1579694469542	5.04	1.41	-8.57
1579694469549	5.01	1.43	-8.61
1579694469633	4.97	1.42	-8.64
1579694469723	5.04	1.42	-8.58
1579694469932	5.06	1.42	-8.55
1579694469934	5.05	1.43	-8.55
1579694470112	4.99	1.38	-8.53
1579694470142	5.13	1.48	-8.53
1579694470322	5.07	1.41	-8.53
1579694470324	5.08	1.44	-8.56
1579694470472	5.11	1.44	-8.5
1579694470532	5.13	1.48	-8.52
1579694470749	5.09	1.38	-8.57
1579694470832	5.11	1.39	-8.52
1579694470833	5.3	1.5	-8.51
1579694470955	5.05	1.11	-8.43
1579694471043	5.12	1.41	-8.43
1579694471222	5.1	1.38	-8.52
1579694471223	5.06	1.35	-8.55
1579694471432	5.18	1.33	-8.57
1579694471434	5.04	1.33	-8.38
1579694471552	5.14	1.3	-8.35
1579694471642	5.13	1.39	-8.61
1579694471738	5.16	1.39	-8.47
1579694471853	5.12	1.37	-8.52
1579694471943	5.13	1.37	-8.49
1579694472033	5.19	1.33	-8.51
1579694472152	5.13	1.44	-8.48
1579694472333	5.1	1.33	-8.52
1579694472362	5.07	1.34	-8.54
1579694472453	5.04	1.35	-8.52
1579694472543	5.1	1.33	-8.52
1579694472633	5.08	1.35	-8.53
1579694472752	5.12	1.3	-8.55
1579694472842	5.14	1.35	-8.57
1579694472963	5.13	1.33	-8.52
1579694473053	5.14	1.32	-8.52
1579694473232	5.15	1.31	-8.54
1579694473233	5.19	1.33	-8.52
1579694473352	5.15	1.34	-8.54
1579694473443	5.17	1.34	-8.52
1579694473562	5.14	1.32	-8.52
1579694473653	5.15	1.34	-8.55
1579694473743	5.08	1.34	-8.5
1579694473833	5.15	1.35	-8.48
1579694473952	5.16	1.37	-8.53
1579694474072	5.15	1.35	-8.53
1579694474162	5.12	1.31	-8.57
1579694474282	5.11	1.34	-8.52
1579694474342	5.1	1.33	-8.54
1579694474433	5.23	1.32	-8.39
1579694474762	5.04	1.32	-8.48
1579694474763	5.09	1.35	-8.55
1579694474852	5.12	1.32	-8.53
1579694474853	5.11	1.34	-8.6
1579694474942	5.13	1.33	-8.56
1579694475038	5.13	1.31	-8.52
1579694475182	5.12	1.34	-8.52
1579694475272	5.17	1.31	-8.61
1579694475395	5.15	1.33	-8.57
1579694475452	5.09	1.31	-8.43
1579694475542	5.11	1.31	-8.52
1579694475663	5.17	1.31	-8.46
1579694475782	5.15	1.32	-8.56
1579694475872	5.14	1.36	-8.52
1579694475963	5.15	1.33	-8.56
1579694476052	5.17	1.37	-8.52
1579694476142	5.16	1.32	-8.49
1579694476292	5.18	1.33	-8.55
1579694476382	5.13	1.36	-8.52
1579694476472	5.22	1.33	-8.52
1579694476562	5.23	1.39	-8.52
1579694476652	5.12	1.4	-8.59
1579694476772	5.19	1.39	-8.62
1579694476892	5.1	1.31	-8.54
1579694476982	5.11	1.32	-8.51
1579694477072	5.11	1.31	-8.53
1579694477162	5.08	1.32	-8.49
1579694477252	5.08	1.27	-8.59
1579694477402	5.07	1.32	-8.55
1579694477492	5.12	1.3	-8.5
1579694477582	5.14	1.31	-8.52
1579694477672	5.17	1.29	-8.52
1579694477762	5.13	1.29	-8.52
1579694477882	5.18	1.3	-8.51
1579694478002	5.16	1.29	-8.52
1579694478092	5.15	1.29	-8.55
1579694478182	5.16	1.31	-8.51
1579694478272	5.19	1.28	-8.42
1579694478362	5.19	1.32	-8.52
1579694478512	5.16	1.29	-8.52
1579694478602	4.99	1.36	-8.79
1579694478664	5.16	1.29	-8.5
1579694478782	5.2	1.3	-8.52
1579694478872	5.18	1.31	-8.54
1579694478992	5.18	1.32	-8.56
1579694479112	5.23	1.34	-8.57
1579694479202	5.2	1.31	-8.52
1579694479292	5.19	1.38	-8.54
1579694479382	5.15	1.3	-8.5
1579694479472	5.15	1.33	-8.53
1579694479622	5.15	1.33	-8.54
1579694479712	5.08	1.34	-8.56
1579694479772	5.12	1.33	-8.54
1579694479833	5.08	1.33	-8.58
1579694479982	5.12	1.35	-8.55
1579694480072	5.11	1.35	-8.53
1579694480222	5.1	1.34	-8.56
1579694480312	5.05	1.32	-8.55
1579694480342	5.11	1.33	-8.52
1579694480432	5.13	1.34	-8.52
1579694480552	5.14	1.32	-8.53
1579694480642	5.17	1.33	-8.52
1579694480733	5.13	1.33	-8.52
1579694480856	5.22	1.34	-8.52
1579694480942	5.16	1.34	-8.56
1579694481033	5.13	1.35	-8.53
1579694481152	5.15	1.29	-8.47
1579694481332	5.21	1.25	-8.4
1579694481362	5.14	1.33	-8.49
1579694481452	5.14	1.32	-8.52
1579694481542	5.18	1.35	-8.49
1579694481639	5.17	1.32	-8.55
