1579694246462	-0.11	0.02	0.05
1579694246553	-0.11	-0.01	0.06
1579694246851	-0.1	0.01	0.06
1579694246852	-0.11	0.01	0.05
1579694246854	-0.12	0.01	0.05
1579694246972	-0.11	0.0	0.05
1579694247062	-0.09	0.02	0.06
1579694247152	-0.12	0.01	0.05
1579694247361	-0.11	0.01	0.05
1579694247363	-0.11	0.01	0.06
1579694247452	-0.09	0.01	0.07
1579694247572	-0.11	0.01	0.08
1579694247662	-0.09	0.03	0.07
1579694247961	-0.11	-0.01	0.05
1579694248052	-0.1	0.01	0.06
1579694248053	-0.11	0.02	0.06
1579694248082	-0.07	0.06	0.09
1579694248172	-0.02	-0.03	0.11
1579694248262	-0.17	0.02	0.04
1579694248471	-0.06	-0.0	0.05
1579694248473	-0.1	0.12	0.15
1579694248562	-0.05	0.05	0.13
1579694248652	-0.1	0.17	0.13
1579694248772	-0.11	-0.07	0.0
1579694249161	-0.09	0.01	0.01
1579694249162	-0.24	-0.01	-0.03
1579694249164	-0.25	0.17	0.04
1579694249252	-0.06	0.0	0.06
1579694249254	-0.15	-0.06	0.04
1579694249372	-0.11	-0.02	0.03
1579694249582	-0.13	-0.03	0.05
1579694249672	-0.14	-0.02	0.04
1579694249674	-0.1	0.02	0.06
1579694249762	-0.14	-0.01	0.05
1579694249942	-0.11	0.01	0.05
1579694250182	-0.12	-0.0	0.05
1579694250183	-0.13	-0.01	0.05
1579694250272	-0.13	-0.02	0.05
1579694250274	-0.14	0.05	0.03
1579694250362	-0.27	0.05	-0.02
1579694250482	-0.2	-0.02	-0.03
1579694250782	0.02	0.05	0.09
1579694250783	-0.02	0.08	0.09
1579694250872	-0.14	-0.01	0.01
1579694250905	-0.04	0.03	0.06
1579694250963	-0.05	0.03	0.09
1579694251052	-0.04	0.05	0.09
1579694251381	-0.11	0.03	0.05
1579694251382	-0.12	0.01	0.06
1579694251412	-0.12	0.0	0.05
1579694251472	-0.1	0.0	0.06
1579694251562	-0.13	-0.0	0.05
1579694251652	-0.12	0.01	0.05
1579694251892	-0.12	0.0	0.05
1579694251894	-0.11	0.02	0.05
1579694251985	-0.11	0.02	0.05
1579694252072	-0.13	0.0	0.04
1579694252341	-0.12	-0.01	0.06
1579694252491	-0.22	-0.03	0.04
1579694252492	-0.17	-0.01	0.05
1579694252522	-0.1	-0.03	0.05
1579694252552	-0.17	-0.04	0.07
1579694252672	-0.06	0.06	0.11
1579694252762	0.03	-0.05	0.04
1579694253002	-0.25	0.01	0.05
1579694253094	-0.05	-0.04	0.07
1579694253127	-0.08	-0.06	0.06
1579694253182	-0.1	-0.02	0.05
1579694253272	-0.11	0.05	0.06
1579694253692	-0.11	0.08	0.03
1579694253693	-0.12	0.01	0.03
1579694253721	-0.08	-0.03	0.02
1579694253722	-0.15	0.01	0.05
1579694253752	-0.14	-0.01	0.04
1579694253872	-0.12	0.02	0.05
1579694254111	-0.11	0.02	0.05
1579694254205	-0.12	0.01	0.05
1579694254218	-0.14	0.02	0.04
1579694254263	-0.11	0.02	0.06
1579694254382	-0.13	0.01	0.05
1579694254502	-0.12	0.0	0.05
1579694254592	-0.12	-0.0	0.05
1579694254711	-0.11	0.0	0.06
1579694254801	-0.11	0.01	0.06
1579694254921	-0.13	-0.03	0.05
1579694254982	-0.1	-0.0	0.06
1579694255101	-0.12	0.02	0.05
1579694255162	-0.11	0.01	0.06
1579694255252	-0.11	0.02	0.06
1579694255372	-0.12	0.01	0.05
1579694255462	-0.11	0.01	0.06
1579694255552	-0.1	0.01	0.05
1579694255761	-0.12	-0.0	0.05
1579694255764	-0.12	-0.01	0.05
1579694255882	-0.1	0.0	0.06
1579694256001	-0.13	0.03	0.05
1579694256092	-0.1	0.02	0.06
1579694256152	-0.11	0.02	0.05
1579694256302	-0.12	0.01	0.05
1579694256394	-0.11	0.0	0.06
1579694256455	-0.12	0.01	0.05
1579694256601	-0.11	0.01	0.05
1579694256722	-0.13	0.02	0.05
1579694256782	-0.11	0.04	0.06
1579694256872	-0.12	0.03	0.05
1579694256992	-0.11	0.01	0.06
1579694257052	-0.11	-0.01	0.06
1579694257201	-0.1	0.0	0.06
1579694257471	-0.11	0.01	0.06
1579694257532	-0.11	0.0	0.05
1579694257564	-0.11	0.01	0.05
1579694257565	-0.12	0.01	0.05
1579694257652	-0.11	0.01	0.05
1579694257952	-0.11	0.01	0.05
1579694258042	-0.1	0.02	0.06
1579694258043	-0.12	0.01	0.05
1579694258101	-0.1	0.01	0.05
1579694258162	-0.11	0.01	0.06
1579694258252	-0.11	0.01	0.06
1579694258461	-0.1	0.02	0.06
1579694258552	-0.11	0.02	0.06
1579694258644	-0.12	0.01	0.05
1579694258672	-0.12	0.02	0.05
1579694258762	-0.11	0.03	0.06
1579694259061	-0.11	0.03	0.06
1579694259062	-0.12	0.02	0.06
1579694259151	-0.11	0.01	0.06
1579694259153	-0.1	0.01	0.06
1579694259272	-0.11	-0.0	0.06
1579694259362	-0.1	0.02	0.05
1579694259695	-0.11	0.01	0.05
1579694259754	-0.1	0.0	0.06
1579694259766	-0.09	0.02	0.06
1579694259842	-0.11	-0.01	0.06
1579694259872	-0.11	0.0	0.06
1579694259962	-0.11	0.01	0.05
1579694260052	-0.12	0.0	0.05
1579694260172	-0.11	0.02	0.06
1579694260321	-0.11	0.02	0.05
1579694260383	-0.11	0.01	0.06
1579694260472	-0.11	0.01	0.06
1579694260562	-0.12	0.0	0.05
1579694260652	-0.1	0.02	0.06
1579694260831	-0.11	0.02	0.05
1579694260865	-0.11	0.02	0.06
1579694261039	-0.1	0.01	0.06
1579694261072	-0.1	0.03	0.06
1579694261162	-0.11	0.02	0.06
1579694261252	-0.11	0.01	0.05
1579694261372	-0.11	0.01	0.05
1579694261462	-0.11	0.02	0.05
1579694261552	-0.09	0.02	0.06
1579694261672	-0.12	0.02	0.05
1579694261882	-0.1	-0.0	0.06
1579694261971	-0.12	-0.01	0.05
1579694261972	-0.11	0.02	0.06
1579694262062	-0.1	0.01	0.06
1579694262152	-0.11	0.01	0.05
1579694262392	-0.12	0.01	0.05
1579694262394	-0.12	0.02	0.06
1579694262482	-0.11	0.02	0.06
1579694262572	-0.11	0.01	0.06
1579694262662	-0.1	0.03	0.06
1579694262752	-0.13	0.02	0.05
1579694263082	-0.1	0.01	0.06
1579694263111	-0.11	0.02	0.06
1579694263112	-0.11	0.01	0.06
1579694263172	-0.11	-0.0	0.05
1579694263262	-0.11	0.01	0.05
1579694263502	-0.11	0.01	0.06
1579694263592	-0.11	-0.01	0.05
1579694263594	-0.1	0.01	0.06
1579694263682	-0.12	0.01	0.05
1579694263772	-0.1	0.02	0.06
1579694263862	-0.11	0.01	0.06
1579694264131	-0.12	0.01	0.06
1579694264199	-0.11	0.01	0.05
1579694264222	-0.11	0.02	0.05
1579694264252	-0.11	0.01	0.06
1579694264372	-0.11	0.01	0.06
1579694264791	-0.11	0.02	0.05
1579694264792	-0.13	0.03	0.05
1579694264794	-0.1	0.0	0.06
1579694264822	-0.1	-0.0	0.06
1579694264882	-0.12	-0.01	0.05
1579694264972	-0.1	-0.0	0.06
1579694265301	-0.12	0.01	0.06
1579694265332	-0.08	0.01	0.07
1579694265333	-0.11	0.0	0.05
1579694265392	-0.11	0.01	0.06
1579694265482	-0.12	0.01	0.05
1579694265601	-0.11	0.01	0.06
1579694265811	-0.1	0.02	0.06
1579694265902	-0.11	0.01	0.05
1579694265903	-0.11	0.0	0.06
1579694265992	-0.12	-0.0	0.05
1579694266082	-0.12	-0.02	0.05
1579694266322	-0.1	0.0	0.06
1579694266507	-0.12	0.02	0.05
1579694266532	-0.11	0.02	0.06
1579694266533	-0.11	0.04	0.06
1579694266592	-0.12	0.02	0.05
1579694266921	-0.11	0.01	0.06
1579694266922	-0.11	0.0	0.06
1579694266924	-0.12	-0.0	0.05
1579694267012	-0.13	-0.02	0.04
1579694267101	-0.1	0.01	0.06
1579694267192	-0.12	0.04	0.06
1579694267432	-0.07	0.04	0.08
1579694267521	-0.1	0.02	0.06
1579694267522	-0.11	0.01	0.06
1579694267552	-0.12	0.01	0.05
1579694267701	-0.11	0.01	0.06
1579694267852	-0.12	-0.0	0.05
1579694267942	-0.1	0.01	0.07
1579694268122	-0.09	0.0	0.06
1579694268123	-0.12	0.04	0.05
1579694268152	-0.11	0.03	0.06
1579694268301	-0.1	0.05	0.06
1579694268421	-0.08	0.05	0.08
1579694268631	-0.11	0.16	0.1
1579694268633	-0.16	-0.09	0.02
1579694268721	-0.08	-0.01	0.06
1579694268752	-0.15	-0.03	0.04
1579694269231	-0.12	-0.02	0.04
1579694269232	-0.12	-0.01	0.05
1579694269234	-0.14	0.03	0.05
1579694269322	-0.11	0.01	0.05
1579694269323	-0.1	0.01	0.06
1579694269411	-0.11	-0.0	0.05
1579694269532	-0.11	-0.01	0.06
1579694269741	-0.11	0.01	0.06
1579694269742	-0.11	0.01	0.06
1579694269801	-0.07	0.02	0.07
1579694269862	-0.11	0.01	0.06
1579694270341	-0.11	-0.0	0.05
1579694270342	-0.11	-0.0	0.05
1579694270344	-0.11	-0.0	0.06
1579694270431	-0.09	0.01	0.06
1579694270433	-0.11	0.01	0.05
1579694270462	-0.12	0.01	0.05
1579694270552	-0.12	0.02	0.05
1579694270858	-0.12	0.02	0.05
1579694270912	-0.1	0.03	0.06
1579694270913	-0.1	0.01	0.06
1579694270973	-0.12	0.02	0.06
1579694271062	-0.11	0.02	0.06
1579694271451	-0.1	0.02	0.06
1579694271452	-0.11	0.01	0.06
1579694271454	-0.11	0.0	0.06
1579694271541	-0.11	0.01	0.05
1579694271572	-0.11	0.01	0.05
1579694271662	-0.11	0.0	0.05
1579694271961	-0.1	0.01	0.05
1579694271962	-0.12	0.02	0.05
1579694271964	-0.11	0.01	0.06
1579694272052	-0.1	0.02	0.06
1579694272172	-0.12	0.01	0.05
1579694272262	-0.11	0.01	0.06
1579694272562	-0.11	0.0	0.05
1579694272563	-0.13	-0.01	0.05
1579694272651	-0.12	-0.01	0.05
1579694272653	-0.11	0.0	0.05
1579694272772	-0.12	0.04	0.05
1579694273078	-0.11	0.02	0.06
1579694273162	-0.1	0.02	0.06
1579694273163	-0.12	0.01	0.05
1579694273163	-0.12	0.0	0.06
1579694273252	-0.11	0.03	0.06
1579694273671	-0.1	0.02	0.06
1579694273672	-0.11	0.03	0.06
1579694273674	-0.11	0.02	0.06
1579694273762	-0.11	0.02	0.05
1579694273764	-0.11	0.01	0.07
1579694273852	-0.1	0.01	0.07
1579694274188	-0.11	0.01	0.05
1579694274212	-0.12	0.01	0.06
1579694274212	-0.08	0.02	0.07
1579694274272	-0.11	0.01	0.05
1579694274362	-0.1	0.0	0.06
1579694274482	-0.11	-0.0	0.05
1579694274782	-0.11	-0.01	0.06
1579694274783	-0.09	0.01	0.06
1579694274841	-0.11	0.01	0.05
1579694274872	-0.12	0.0	0.05
1579694274962	-0.13	-0.0	0.05
1579694275209	-0.12	-0.01	0.05
1579694275292	-0.09	-0.01	0.06
1579694275293	-0.12	0.02	0.05
1579694275352	-0.11	0.0	0.06
1579694275472	-0.11	0.02	0.05
1579694275592	-0.12	0.02	0.05
1579694275892	-0.12	0.02	0.06
1579694275893	-0.12	0.01	0.05
1579694275981	-0.12	0.01	0.06
1579694275983	-0.09	0.02	0.06
1579694276072	-0.11	0.02	0.05
1579694276194	-0.11	0.02	0.06
1579694276402	-0.1	0.01	0.06
1579694276491	-0.09	0.02	0.07
1579694276522	-0.1	0.02	0.07
1579694276582	-0.11	0.0	0.05
1579694276702	-0.11	0.03	0.08
1579694277001	-0.03	0.1	0.15
1579694277002	0.05	0.08	0.2
1579694277004	0.19	-0.03	0.33
1579694277092	0.01	0.08	0.22
1579694277182	-0.07	-0.07	0.02
1579694277511	-0.22	-0.02	-0.02
1579694277513	-0.06	0.06	-0.0
1579694277601	-0.22	0.03	-0.02
1579694277631	-0.17	-0.01	0.02
1579694277692	-0.16	0.0	0.03
1579694278022	-0.14	-0.0	0.03
1579694278024	-0.16	-0.02	0.02
1579694278112	-0.14	0.01	0.02
1579694278113	-0.14	0.03	0.03
1579694278201	-0.13	0.03	0.04
1579694278292	-0.09	0.01	0.05
1579694278621	-0.11	-0.01	0.05
1579694278622	-0.12	-0.03	0.05
1579694278624	-0.1	-0.03	0.06
1579694278712	-0.12	-0.01	0.05
1579694278801	-0.11	-0.0	0.05
1579694279221	-0.1	-0.01	0.05
1579694279222	-0.12	0.01	0.05
1579694279224	-0.1	0.01	0.06
1579694279312	-0.1	0.02	0.05
1579694279313	-0.13	0.03	0.05
1579694279401	-0.11	0.02	0.06
1579694279731	-0.12	0.02	0.05
1579694279732	-0.12	0.01	0.05
1579694279734	-0.1	0.04	0.06
1579694279762	-0.13	0.01	0.06
1579694279852	-0.11	0.01	0.06
1579694280241	-0.11	0.02	0.06
1579694280331	-0.11	-0.0	0.06
1579694280332	-0.1	0.01	0.06
1579694280334	-0.11	-0.02	0.06
1579694280362	-0.1	-0.01	0.07
1579694280452	-0.1	0.0	0.06
1579694280841	-0.11	0.01	0.06
1579694280842	-0.08	0.02	0.07
1579694280844	-0.12	0.02	0.05
1579694280932	-0.11	0.02	0.05
1579694280962	-0.12	0.01	0.05
1579694281052	-0.13	0.03	0.05
1579694281442	-0.09	0.0	0.05
1579694281443	-0.11	0.01	0.04
1579694281531	-0.12	0.02	0.06
1579694281532	-0.11	0.02	0.05
1579694281562	-0.11	0.02	0.05
1579694281652	-0.1	0.01	0.05
1579694281952	-0.1	-0.0	0.05
1579694281953	-0.12	0.02	0.05
1579694282041	-0.11	0.03	0.06
1579694282072	-0.09	0.02	0.06
1579694282162	-0.12	0.02	0.05
1579694282551	-0.11	0.01	0.06
1579694282552	-0.11	0.01	0.06
1579694282554	-0.11	0.0	0.06
1579694282642	-0.11	-0.02	0.06
1579694282672	-0.13	-0.03	0.05
1579694282762	-0.08	-0.0	0.06
1579694283062	-0.13	0.01	0.05
1579694283063	-0.09	0.01	0.06
1579694283151	-0.11	-0.01	0.05
1579694283153	-0.11	-0.01	0.04
1579694283272	-0.11	0.01	0.06
1579694283662	-0.1	-0.01	0.06
1579694283663	-0.12	0.06	0.06
1579694283752	-0.08	0.04	0.06
1579694283872	-0.11	0.01	0.05
1579694284172	-0.1	-0.0	0.05
1579694284261	-0.11	-0.01	0.07
1579694284262	-0.1	0.0	0.08
1579694284264	-0.11	0.01	0.06
1579694284352	-0.12	0.02	0.05
1579694284772	-0.1	0.02	0.06
1579694284773	-0.11	0.04	0.05
1579694284861	-0.13	0.03	0.05
1579694284862	-0.13	0.01	0.05
1579694284864	-0.1	0.01	0.07
1579694284952	-0.11	0.02	0.06
1579694285282	-0.1	0.0	0.06
1579694285312	-0.11	0.0	0.05
1579694285313	-0.1	0.01	0.06
1579694285372	-0.12	0.01	0.05
1579694285462	-0.11	-0.01	0.05
1579694285882	-0.11	-0.0	0.06
1579694285883	-0.11	0.02	0.05
1579694285971	-0.12	0.0	0.05
1579694285972	-0.1	0.01	0.05
1579694285974	-0.11	0.01	0.05
1579694286062	-0.11	-0.0	0.07
1579694286392	-0.11	-0.0	0.06
1579694286421	-0.11	0.01	0.05
1579694286422	-0.1	0.03	0.06
1579694286482	-0.12	0.02	0.06
1579694286572	-0.1	0.01	0.07
1579694286901	-0.1	0.01	0.05
1579694286902	-0.12	0.0	0.05
1579694286904	-0.1	0.02	0.06
1579694286992	-0.11	0.01	0.05
1579694287082	-0.13	0.02	0.05
1579694287172	-0.11	0.02	0.05
1579694287501	-0.11	0.02	0.06
1579694287533	-0.1	0.03	0.06
1579694287533	-0.11	0.05	0.06
1579694287621	0.01	0.25	-0.01
1579694287682	-0.11	0.06	0.06
1579694287772	-0.16	-0.08	0.01
1579694288012	-0.17	-0.04	0.02
1579694288102	-0.18	-0.0	0.02
1579694288103	-0.19	0.12	0.03
1579694288192	-0.1	0.03	0.05
1579694288282	-0.08	-0.02	0.07
1579694288521	-0.1	-0.03	0.05
1579694288618	-0.13	0.01	0.06
1579694288672	-0.13	0.03	0.05
1579694288673	-0.14	-0.02	0.04
1579694288792	-0.12	0.02	0.06
1579694288882	-0.11	-0.0	0.06
1579694289031	-0.11	-0.0	0.06
1579694289122	-0.11	0.0	0.05
1579694289212	-0.09	0.02	0.06
1579694289302	-0.1	0.01	0.06
1579694289395	-0.11	0.02	0.06
1579694289511	-0.1	0.0	0.05
1579694289728	-0.1	0.02	0.06
1579694289812	-0.1	0.01	0.06
1579694289813	-0.11	0.01	0.06
1579694289902	-0.11	0.01	0.05
1579694290021	-0.11	0.01	0.06
1579694290231	-0.1	0.03	0.06
1579694290322	-0.11	-0.01	0.05
1579694290323	-0.1	-0.0	0.06
1579694290382	-0.12	0.03	0.05
1579694290504	-0.12	-0.01	0.06
1579694290741	-0.1	0.02	0.06
1579694290771	-0.12	0.01	0.05
1579694290772	-0.11	-0.0	0.05
1579694290862	-0.12	-0.01	0.05
1579694290982	-0.11	0.01	0.06
1579694291161	-0.1	0.02	0.06
1579694291163	-0.11	0.02	0.06
1579694291282	-0.03	0.02	0.09
1579694291431	-0.07	0.02	0.07
1579694291462	-0.13	-0.01	0.06
1579694291641	-0.08	0.02	0.06
1579694291731	-0.15	0.02	0.04
1579694291851	-0.13	0.02	0.05
1579694291942	-0.11	0.01	0.05
1579694292002	-0.12	0.02	0.05
1579694292062	-0.11	0.04	0.06
1579694292241	-0.13	0.03	0.05
1579694292361	-0.12	0.02	0.06
1579694292451	-0.12	0.01	0.06
1579694292453	-0.11	-0.0	0.06
1579694292572	-0.1	-0.01	0.06
1579694292662	-0.11	-0.01	0.05
1579694292841	-0.11	0.0	0.06
1579694293051	-0.15	-0.34	0.08
1579694293052	-0.03	-0.05	0.08
1579694293054	-0.11	0.06	0.06
1579694293172	-0.13	-0.01	0.05
1579694293262	-0.11	-0.01	0.05
1579694293592	-0.1	0.0	0.06
1579694293652	-0.1	0.0	0.06
1579694293653	-0.1	-0.0	0.06
1579694293711	-0.1	-0.01	0.07
1579694293772	-0.1	0.01	0.06
1579694293863	-0.09	0.03	0.05
1579694294161	-0.16	-0.05	0.07
1579694294162	-0.09	-0.0	0.06
1579694294164	-0.12	0.04	0.06
1579694294282	-0.13	0.01	0.05
1579694294372	-0.09	0.03	0.07
1579694294582	-0.11	0.01	0.06
1579694294584	-0.12	0.0	0.06
1579694294672	-0.11	0.0	0.06
1579694294762	-0.11	0.01	0.06
1579694294882	-0.11	-0.0	0.06
1579694294972	-0.1	0.01	0.06
1579694295278	-0.12	0.02	0.05
1579694295362	-0.1	0.02	0.06
1579694295363	-0.1	0.02	0.06
1579694295364	-0.12	0.02	0.05
1579694295482	-0.11	0.01	0.06
1579694295872	-0.11	0.02	0.05
1579694295873	-0.12	0.02	0.05
1579694295961	-0.1	0.02	0.05
1579694296082	-0.12	0.02	0.05
1579694296382	-0.11	0.04	0.06
1579694296383	-0.12	0.03	0.05
1579694296441	-0.11	0.02	0.06
1579694296472	-0.11	0.01	0.06
1579694296562	-0.11	0.0	0.06
1579694296892	-0.11	-0.01	0.06
1579694296894	-0.11	-0.02	0.05
1579694296982	-0.09	-0.02	0.06
1579694296984	-0.12	0.02	0.06
1579694297072	-0.07	0.08	0.1
1579694297401	-0.04	0.05	0.11
1579694297431	-0.06	0.07	0.06
1579694297492	-0.06	0.01	0.09
1579694297581	-0.15	-0.04	0.05
1579694297582	-0.14	-0.01	0.04
1579694297672	-0.11	-0.01	0.05
1579694298002	-0.11	-0.02	0.05
1579694298003	-0.11	-0.05	0.05
1579694298031	-0.14	-0.07	0.03
1579694298092	-0.08	-0.02	0.07
1579694298182	-0.18	0.25	0.04
1579694298275	-0.06	-0.1	0.07
1579694298511	-0.07	-0.04	0.09
1579694298512	-0.11	0.07	0.03
1579694298602	-0.19	0.1	0.02
1579694298692	-0.13	-0.15	0.08
1579694298782	-0.13	0.07	0.04
1579694299021	-0.16	-0.03	0.02
1579694299022	-0.11	0.02	0.06
1579694299111	-0.11	0.05	0.1
1579694299172	-0.15	0.01	0.02
1579694299292	-0.07	0.07	0.06
1579694299382	-0.14	0.01	0.05
1579694299621	-0.11	0.01	0.06
1579694299622	-0.11	0.01	0.05
1579694299711	-0.11	0.0	0.06
1579694299802	-0.1	0.01	0.06
1579694299892	-0.11	0.01	0.05
1579694300221	-0.11	0.0	0.05
1579694300222	-0.11	0.01	0.05
1579694300224	-0.12	-0.0	0.05
1579694300311	-0.1	0.01	0.05
1579694300405	-0.12	0.01	0.05
1579694300492	-0.09	0.01	0.06
1579694300731	-0.11	0.02	0.06
1579694300732	-0.12	0.01	0.06
1579694300821	-0.11	0.02	0.06
1579694300911	-0.11	0.02	0.05
1579694301002	-0.11	0.01	0.06
1579694301241	-0.11	0.01	0.06
1579694301243	-0.11	0.03	0.05
1579694301337	-0.13	0.03	0.05
1579694301362	-0.09	0.01	0.06
1579694301514	-0.1	0.01	0.06
1579694301752	-0.11	0.0	0.06
1579694301842	-0.11	0.0	0.06
1579694301843	-0.11	0.01	0.05
1579694301931	-0.11	0.02	0.06
1579694301962	-0.08	0.02	0.07
1579694302111	-0.12	0.01	0.06
1579694302232	-0.11	0.01	0.06
1579694302442	-0.11	0.0	0.05
1579694302443	-0.12	0.04	0.1
1579694302531	-0.08	-0.05	0.06
1579694302562	-0.12	-0.04	0.04
1579694302711	-0.11	-0.03	0.04
1579694302831	-0.09	-0.05	0.04
1579694303041	-0.13	-0.01	0.05
1579694303072	-0.1	0.01	0.05
1579694303073	-0.12	0.03	0.06
1579694303162	-0.11	0.03	0.06
1579694303341	-0.12	0.0	0.05
1579694303551	-0.1	0.01	0.07
1579694303552	-0.11	0.02	0.06
1579694303582	-0.11	0.04	0.06
1579694303672	-0.12	0.02	0.05
1579694303763	-0.11	0.01	0.05
1579694304061	-0.08	-0.05	0.05
1579694304152	-0.07	0.03	0.07
1579694304241	-0.13	-0.01	0.05
1579694304242	-0.1	0.01	0.06
1579694304272	-0.08	0.25	0.1
1579694304362	0.15	0.05	0.19
1579694304751	-0.18	0.01	0.04
1579694304752	-0.11	0.01	0.07
1579694304754	-0.11	0.03	0.05
1579694304842	-0.13	0.0	0.05
1579694304874	-0.11	-0.0	0.06
1579694304962	-0.13	0.02	0.11
1579694305141	-0.04	0.06	0.08
1579694305269	-0.17	-0.02	0.06
1579694305322	-0.1	0.05	0.03
1579694305382	-0.18	-0.03	0.03
1579694305472	-0.13	0.01	0.05
1579694305562	-0.16	0.01	0.02
1579694305861	-0.11	0.02	0.03
1579694305863	-0.2	-0.1	-0.06
1579694305864	-0.15	-0.04	0.04
1579694305982	-0.12	-0.01	0.04
1579694306072	-0.11	-0.0	0.06
1579694306163	-0.14	-0.03	0.03
1579694306378	-0.11	-0.03	0.04
1579694306432	-0.1	0.01	0.06
1579694306462	-0.11	0.03	0.05
1579694306582	-0.08	0.05	0.04
1579694306672	-0.08	-0.07	0.03
1579694306971	-0.15	-0.06	0.04
1579694306972	-0.15	-0.08	0.02
1579694306974	-0.16	-0.01	0.04
1579694307064	-0.11	0.03	0.05
1579694307182	-0.11	0.03	0.05
1579694307392	-0.11	0.02	0.06
1579694307421	-0.1	0.02	0.05
1579694307601	-0.13	0.0	0.05
1579694307603	-0.11	0.0	0.05
1579694307662	-0.1	0.02	0.06
1579694307902	-0.12	-0.0	0.05
1579694308081	-0.11	0.02	0.06
1579694308082	-0.13	0.02	0.05
1579694308084	-0.1	-0.01	0.06
1579694308174	-0.1	0.0	0.06
1579694308262	-0.1	-0.0	0.06
1579694308412	-0.1	-0.0	0.06
1579694308502	-0.1	-0.0	0.06
1579694308592	-0.12	-0.03	0.05
1579694308682	-0.11	-0.04	0.05
1579694308772	-0.1	-0.04	0.05
1579694308921	-0.11	-0.01	0.06
1579694308982	-0.16	0.14	0.06
1579694309072	-0.07	0.07	0.06
1579694309192	-0.13	0.0	0.05
1579694309282	-0.08	-0.02	0.06
1579694309372	-0.13	0.04	0.05
1579694309522	-0.07	0.04	0.06
1579694309611	-0.11	0.05	0.06
1579694309702	-0.06	-0.01	0.11
1579694309821	0.1	0.14	0.21
1579694309882	-0.23	-0.0	0.01
1579694310002	0.03	-0.02	0.21
1579694310122	-0.07	0.07	0.11
1579694310211	-0.13	0.01	0.05
1579694310272	-0.15	0.02	0.03
1579694310365	-0.13	-0.0	0.06
1579694310482	-0.13	0.02	0.05
1579694310572	-0.14	-0.0	0.04
1579694310667	-0.12	0.02	0.04
1579694310811	-0.11	0.01	0.05
1579694310872	-0.11	-0.02	0.06
1579694310962	-0.12	0.0	0.05
1579694311111	-0.12	-0.02	0.05
1579694311172	-0.1	-0.0	0.06
1579694311322	-0.11	0.01	0.05
1579694311415	-0.12	-0.01	0.05
1579694311474	-0.1	-0.0	0.05
1579694311562	-0.1	0.01	0.05
1579694311682	-0.13	0.03	0.05
1579694311831	-0.11	0.02	0.05
1579694311981	-0.1	0.01	0.06
1579694311983	-0.12	0.01	0.05
1579694312072	-0.11	0.0	0.05
1579694312192	-0.11	-0.01	0.05
1579694312582	-0.11	-0.0	0.06
1579694312641	-0.1	-0.01	0.06
1579694312702	-0.1	0.02	0.06
1579694312703	-0.12	0.03	0.05
1579694312731	-0.1	0.01	0.06
1579694312762	-0.1	0.02	0.06
1579694312889	-0.12	0.01	0.06
1579694312972	-0.1	0.01	0.05
1579694313062	-0.11	0.01	0.06
1579694313211	-0.12	0.02	0.05
1579694313451	-0.09	0.03	0.06
1579694313453	-0.11	0.02	0.06
1579694313631	-0.11	0.02	0.06
1579694313633	-0.13	0.02	0.05
1579694313663	-0.11	0.03	0.06
1579694313811	-0.11	0.01	0.06
1579694314051	-0.11	0.01	0.05
1579694314082	-0.12	0.0	0.06
1579694314083	-0.12	0.0	0.05
1579694314202	-0.11	-0.01	0.05
1579694314262	-0.11	-0.01	0.05
1579694314591	-0.1	-0.0	0.06
1579694314593	-0.12	0.02	0.05
1579694314594	-0.1	0.01	0.06
1579694314682	-0.09	0.01	0.06
1579694314831	-0.13	0.01	0.05
1579694314862	-0.12	-0.0	0.05
1579694315191	-0.13	-0.0	0.04
1579694315259	-0.13	0.01	0.04
1579694315342	-0.09	0.02	0.06
1579694315342	-0.1	0.02	0.06
1579694315372	-0.11	0.01	0.06
1579694315462	-0.08	0.01	0.07
1579694315854	-0.14	0.02	0.03
1579694315855	-0.19	-0.0	-0.0
1579694315882	-0.19	0.02	0.02
1579694315884	-0.17	-0.0	0.02
1579694315972	-0.14	0.0	0.02
1579694316062	-0.16	-0.0	0.02
1579694316361	-0.19	0.03	-0.0
1579694316421	-0.23	0.11	-0.0
1579694316423	-0.02	0.03	0.07
1579694316571	-0.02	-0.09	-0.02
1579694316721	-0.13	-0.02	0.06
1579694317141	-0.11	-0.01	0.06
1579694317172	-0.12	0.03	0.05
1579694317173	-0.1	0.0	0.06
1579694317381	-0.09	-0.01	0.06
1579694317383	-0.12	0.01	0.05
1579694317412	-0.13	0.03	0.05
1579694317531	-0.11	0.03	0.05
1579694317651	-0.14	0.02	0.05
1579694317682	-0.11	0.01	0.06
1579694317773	-0.11	0.0	0.05
1579694318072	-0.11	0.02	0.05
1579694318073	-0.11	0.02	0.06
1579694318102	-0.12	0.03	0.06
1579694318192	-0.11	0.03	0.05
1579694318282	-0.12	-0.04	0.04
1579694318582	-0.11	-0.02	0.06
1579694318584	-0.07	-0.01	0.07
1579694318617	-0.11	-0.01	0.06
1579694318672	-0.1	-0.01	0.06
1579694318762	-0.11	0.02	0.06
1579694319181	-0.11	0.03	0.06
1579694319183	-0.09	0.03	0.07
1579694319184	-0.11	0.01	0.05
1579694319212	-0.1	0.01	0.06
1579694319272	-0.11	0.0	0.05
1579694319362	-0.11	0.03	0.06
1579694319511	-0.11	0.02	0.06
1579694319692	-0.11	0.01	0.05
1579694319722	-0.12	0.01	0.05
1579694319782	-0.11	0.02	0.05
1579694319872	-0.11	0.01	0.05
1579694320204	-0.12	-0.0	0.05
1579694320291	-0.1	0.01	0.05
1579694320293	-0.13	0.02	0.05
1579694320294	-0.09	0.02	0.06
1579694320382	-0.1	0.02	0.06
1579694320472	-0.12	0.02	0.06
1579694320621	-0.11	0.02	0.06
1579694320682	-0.12	0.01	0.05
1579694320981	-0.11	0.01	0.06
1579694320983	-0.11	-0.0	0.06
1579694320984	-0.11	-0.01	0.05
1579694321161	-0.09	-0.0	0.06
1579694321342	-0.13	0.01	0.05
1579694321343	-0.1	0.02	0.06
1579694321402	-0.1	0.02	0.06
1579694321492	-0.11	0.02	0.06
1579694321582	-0.11	0.01	0.05
1579694321672	-0.11	0.01	0.05
1579694321762	-0.11	0.01	0.05
1579694321882	-0.09	0.02	0.06
1579694322002	-0.11	-0.01	0.05
1579694322092	-0.1	-0.0	0.06
1579694322241	-0.11	0.01	0.05
1579694322482	-0.12	0.01	0.06
1579694322511	-0.1	0.02	0.06
1579694322601	-0.11	0.01	0.05
1579694322603	-0.11	0.02	0.05
1579694322662	-0.11	0.02	0.06
1579694322841	-0.11	0.01	0.06
1579694322932	-0.11	0.0	0.05
1579694322998	-0.11	-0.01	0.06
1579694323111	-0.1	0.01	0.06
1579694323202	-0.13	0.02	0.05
1579694323262	-0.1	0.02	0.06
1579694323383	-0.11	0.02	0.06
1579694323472	-0.12	0.02	0.05
1579694323592	-0.11	0.01	0.06
1579694323711	-0.11	0.0	0.06
1579694323802	-0.11	0.0	0.05
1579694323981	-0.12	0.01	0.05
1579694324101	-0.1	0.03	0.06
1579694324221	-0.11	0.02	0.05
1579694324222	-0.12	0.01	0.05
1579694324311	-0.11	0.01	0.06
1579694324461	-0.1	0.03	0.06
1579694324642	-0.1	0.02	0.06
1579694324732	-0.11	0.01	0.05
1579694324733	-0.11	0.01	0.05
1579694324762	-0.12	0.01	0.05
1579694324911	-0.11	0.01	0.05
1579694325151	-0.11	0.02	0.06
1579694325331	-0.1	0.01	0.06
1579694325369	-0.13	0.01	0.05
1579694325422	-0.1	0.02	0.06
1579694325423	-0.1	0.02	0.06
1579694325542	-0.12	0.01	0.06
1579694325841	-0.11	0.01	0.05
1579694325931	-0.11	0.01	0.05
1579694325933	-0.11	0.01	0.05
1579694325934	-0.11	0.01	0.06
1579694325962	-0.11	0.01	0.05
1579694326441	-0.11	0.03	0.05
1579694326443	-0.13	0.02	0.05
1579694326539	-0.1	0.01	0.06
1579694326652	-0.1	0.01	0.06
1579694326653	-0.11	0.0	0.06
1579694326804	-0.11	0.0	0.05
1579694326805	-0.11	0.0	0.05
1579694326806	-0.11	0.01	0.06
1579694326893	-0.1	0.01	0.06
1579694326982	-0.12	0.01	0.05
1579694327072	-0.1	0.01	0.06
1579694327162	-0.11	0.01	0.06
1579694327491	-0.11	0.02	0.06
1579694327557	-0.09	0.02	0.06
1579694328062	-0.11	0.0	0.05
1579694328063	-0.11	0.01	0.05
1579694328151	-0.11	0.02	0.06
1579694328182	-0.11	0.03	0.05
1579694328272	-0.11	0.01	0.06
1579694328481	-0.11	0.01	0.06
1579694328484	-0.11	0.01	0.05
1579694328573	-0.11	0.02	0.06
1579694328692	-0.11	0.03	0.06
1579694328782	-0.11	0.02	0.05
1579694328902	-0.13	0.03	0.05
1579694328993	-0.11	0.02	0.06
1579694329082	-0.1	0.0	0.06
1579694329202	-0.11	-0.01	0.06
1579694329263	-0.11	-0.0	0.06
1579694329382	-0.12	-0.0	0.06
1579694329502	-0.11	-0.0	0.06
1579694329562	-0.11	-0.01	0.05
1579694329682	-0.11	-0.01	0.05
1579694329772	-0.1	-0.0	0.06
1579694329863	-0.11	0.01	0.06
1579694330011	-0.11	0.03	0.06
1579694330105	-0.1	0.01	0.05
1579694330165	-0.13	0.02	0.05
1579694330282	-0.11	0.03	0.06
1579694330372	-0.12	0.02	0.05
1579694330462	-0.11	0.01	0.05
1579694330701	-0.11	-0.01	0.05
1579694330704	-0.1	0.01	0.06
1579694330763	-0.13	0.02	0.05
1579694330882	-0.1	0.02	0.06
1579694330972	-0.11	0.02	0.06
1579694331222	-0.12	0.01	0.05
1579694331223	-0.11	0.02	0.06
1579694331332	-0.1	0.01	0.06
1579694331421	-0.11	-0.0	0.05
1579694331483	-0.11	0.01	0.05
1579694331572	-0.13	-0.0	0.05
1579694331812	-0.1	-0.02	0.06
1579694331813	-0.11	-0.0	0.05
1579694331872	-0.11	-0.01	0.06
1579694332021	-0.11	0.01	0.05
1579694332082	-0.11	0.01	0.06
1579694332325	-0.12	0.02	0.06
1579694332412	-0.08	0.01	0.07
1579694332502	-0.13	-0.01	0.05
1579694332504	-0.1	0.01	0.06
1579694332592	-0.11	0.03	0.06
1579694332682	-0.12	0.02	0.05
1579694332921	-0.11	0.02	0.05
1579694332923	-0.1	0.02	0.06
1579694333011	-0.1	0.01	0.06
1579694333073	-0.11	-0.0	0.05
1579694333192	-0.11	0.01	0.06
1579694333341	-0.11	0.01	0.05
1579694333523	-0.12	-0.01	0.05
1579694333551	-0.1	0.0	0.06
1579694333611	-0.12	0.01	0.05
1579694333731	-0.12	0.02	0.06
1579694333821	-0.12	0.04	0.05
1579694334121	-0.11	0.01	0.05
1579694334151	-0.12	-0.01	0.06
1579694334211	-0.1	0.0	0.06
1579694334213	-0.1	0.01	0.07
1579694334302	-0.13	-0.06	0.07
1579694334421	-0.09	-0.01	0.06
1579694334542	-0.05	0.03	0.17
1579694334631	-0.5	1.06	-0.06
1579694334692	-0.14	-0.58	-0.08
1579694334811	-0.04	0.35	0.14
1579694334902	-0.15	-0.07	0.04
1579694335081	-0.07	0.01	0.07
1579694335084	-0.15	0.04	0.04
1579694335172	-0.08	0.02	0.07
1579694335322	-0.13	0.02	0.05
1579694335411	-0.12	0.02	0.05
1579694335654	-0.1	0.01	0.06
1579694335682	-0.12	0.01	0.05
1579694335772	-0.11	0.01	0.05
1579694335774	-0.12	0.01	0.05
1579694335862	-0.13	0.01	0.05
1579694336011	-0.1	0.05	0.06
1579694336161	-0.09	0.04	0.06
1579694336163	-0.13	0.05	0.04
1579694336282	-0.18	0.1	-0.02
1579694336372	-0.18	0.14	0.22
1579694336462	-0.09	0.02	0.02
1579694336765	-0.37	0.27	-0.1
1579694336851	0.19	-0.19	0.03
1579694336853	-0.06	-0.01	0.11
1579694336883	-0.16	-0.04	0.06
1579694336972	-0.1	-0.04	0.05
1579694337062	-0.14	-0.1	0.09
1579694337182	-0.09	0.01	0.09
1579694337361	-0.07	0.02	0.05
1579694337452	-0.14	-0.01	0.05
1579694337482	-0.11	0.04	0.06
1579694337572	-0.11	0.02	0.05
1579694337662	-0.11	0.0	0.06
1579694338052	-0.11	-0.0	0.05
1579694338053	-0.12	-0.0	0.05
1579694338082	-0.1	0.01	0.06
1579694338141	-0.12	0.02	0.05
1579694338172	-0.12	0.01	0.05
1579694338262	-0.11	0.03	0.06
1579694338621	-0.12	0.01	0.05
1579694338623	-0.11	0.02	0.06
1579694338651	-0.11	0.02	0.06
1579694338682	-0.12	0.01	0.05
1579694338772	-0.1	0.03	0.06
1579694338893	-0.12	0.0	0.05
1579694338982	-0.11	-0.01	0.06
1579694339103	-0.1	-0.0	0.06
1579694339163	-0.1	-0.01	0.06
1579694339311	-0.09	0.02	0.05
1579694339372	-0.11	0.02	0.05
1579694339762	-0.11	0.05	0.05
1579694339763	-0.05	0.09	0.04
1579694339792	-0.11	0.05	0.04
1579694339794	-0.24	-0.15	0.03
1579694339883	-0.03	0.04	0.06
1579694340212	-0.13	-0.07	0.05
1579694340213	-0.09	-0.02	0.06
1579694340273	-0.2	0.19	0.04
1579694340274	-0.04	0.15	0.09
1579694340363	-0.07	0.02	0.07
1579694340482	-0.11	-0.04	0.06
1579694340573	-0.0	-0.11	0.13
1579694340693	-0.09	-0.03	0.09
1579694340783	-0.11	0.03	0.04
1579694340872	-0.11	-0.02	0.05
1579694340969	-0.19	-0.06	0.02
1579694341083	-0.1	-0.07	0.06
1579694341382	-0.08	-0.03	0.06
1579694341383	-0.1	-0.04	0.06
1579694341442	-0.12	0.05	0.06
1579694341562	-0.13	0.03	0.05
1579694341564	-0.09	0.02	0.06
1579694341683	-0.11	0.01	0.06
1579694342102	-0.11	0.02	0.05
1579694342103	-0.1	0.01	0.06
1579694342192	-0.11	0.01	0.06
1579694342552	-0.12	0.01	0.05
1579694342553	-0.08	0.02	0.07
1579694342611	-0.11	0.0	0.05
1579694342613	-0.11	0.01	0.06
1579694342703	-0.11	0.01	0.06
1579694342793	-0.11	0.01	0.06
1579694343063	-0.11	0.03	0.06
1579694343064	-0.12	0.01	0.05
1579694343152	-0.11	-0.03	0.06
1579694343183	-0.1	-0.03	0.06
1579694343601	-0.11	-0.0	0.05
1579694343661	-0.12	-0.0	0.05
1579694343662	-0.11	0.01	0.06
1579694343692	-0.13	0.02	0.05
1579694343694	-0.1	0.02	0.06
1579694343782	-0.1	0.03	0.06
1579694344111	-0.12	0.02	0.05
1579694344113	-0.11	0.01	0.05
1579694344114	-0.11	0.01	0.05
1579694344173	-0.12	-0.01	0.04
1579694344292	-0.12	0.0	0.05
1579694344414	-0.11	0.2	0.04
1579694344719	-0.1	0.07	0.05
1579694344802	-0.08	-0.03	0.07
1579694344803	-0.12	-0.01	0.05
1579694344804	-0.13	0.0	0.05
1579694344892	-0.12	-0.01	0.04
1579694345131	-0.14	-0.01	0.04
1579694345251	-0.12	-0.03	0.05
1579694345253	-0.1	0.03	0.06
1579694345312	-0.09	-0.06	0.06
1579694345402	-0.13	-0.05	0.08
1579694345524	-0.09	0.1	0.08
1579694345768	-0.1	0.1	0.1
1579694345822	-0.06	-0.04	0.04
1579694345823	-0.14	0.01	0.06
1579694345912	-0.11	0.02	0.06
1579694346002	-0.1	0.02	0.05
1579694346421	-0.11	0.0	0.06
1579694346423	-0.11	0.01	0.05
1579694346424	-0.09	0.01	0.06
1579694346453	-0.12	0.02	0.05
1579694346901	-0.12	0.02	0.05
1579694346992	-0.11	0.02	0.05
1579694347021	-0.11	0.01	0.05
1579694347022	-0.12	0.02	0.05
1579694347082	-0.1	0.04	0.06
1579694347172	-0.1	0.02	0.06
1579694347262	-0.14	0.02	0.05
1579694347501	-0.12	0.03	0.05
1579694347503	-0.11	0.02	0.06
1579694347593	-0.11	0.05	0.05
1579694347683	-0.11	0.01	0.05
1579694347774	-0.12	0.01	0.05
1579694347892	-0.11	0.01	0.06
1579694348109	-0.12	0.01	0.05
1579694348132	-0.11	0.03	0.05
1579694348163	-0.11	0.03	0.05
1579694348311	-0.12	0.02	0.05
1579694348521	-0.12	0.02	0.05
1579694348523	-0.11	0.01	0.06
1579694348611	-0.12	0.01	0.05
1579694348731	-0.11	0.02	0.05
1579694348762	-0.12	0.01	0.05
1579694348912	-0.11	0.01	0.05
1579694348972	-0.11	0.01	0.06
1579694349062	-0.11	0.0	0.06
1579694349211	-0.1	0.01	0.06
1579694349272	-0.13	0.01	0.05
1579694349363	-0.11	0.02	0.05
1579694349482	-0.1	0.02	0.06
1579694349572	-0.12	0.01	0.05
1579694349662	-0.11	0.01	0.05
1579694349782	-0.11	0.01	0.05
1579694349872	-0.12	0.01	0.05
1579694349992	-0.1	0.06	0.05
1579694350201	-0.1	0.04	0.05
1579694350232	-0.06	0.0	0.09
1579694350262	-0.08	0.0	0.05
1579694350442	-0.17	-0.0	0.03
1579694350561	-0.19	-0.07	0.01
1579694350622	-0.17	0.03	0.03
1579694350711	-0.06	0.02	0.06
1579694350862	-0.13	0.0	0.04
1579694350863	-0.14	0.01	0.04
1579694351042	-0.12	-0.0	0.05
1579694351221	-0.12	0.01	0.05
1579694351312	-0.12	0.02	0.05
1579694351372	-0.1	0.02	0.06
1579694351373	-0.11	0.02	0.05
1579694351551	-0.12	0.01	0.05
1579694351641	-0.11	0.01	0.06
1579694351672	-0.11	0.01	0.05
1579694351821	-0.11	0.01	0.06
1579694351942	-0.1	0.02	0.06
1579694352062	-0.11	0.03	0.06
1579694352064	-0.13	0.02	0.05
1579694352185	-0.11	0.01	0.06
1579694352272	-0.1	0.02	0.06
1579694352362	-0.12	0.01	0.06
1579694352571	-0.11	0.01	0.05
1579694352573	-0.11	0.01	0.05
1579694352663	-0.11	0.01	0.05
1579694352782	-0.11	0.01	0.05
1579694352872	-0.1	0.03	0.06
1579694352962	-0.12	0.01	0.05
1579694353171	-0.11	0.02	0.06
1579694353173	-0.1	0.1	0.07
1579694353352	-0.14	0.05	0.05
1579694353382	-0.12	0.06	0.05
1579694353472	-0.17	0.04	0.03
1579694353562	-0.16	0.02	0.06
1579694353771	-0.13	0.16	0.06
1579694353773	-0.14	0.08	0.11
1579694353863	-0.0	0.08	0.07
1579694353982	-0.2	0.29	0.06
1579694354072	0.0	-0.09	0.16
1579694354163	-0.08	-0.09	0.09
1579694354374	-0.16	0.05	0.02
1579694354462	-0.07	-0.05	0.04
1579694354463	-0.12	-0.07	0.03
1579694354582	-0.09	0.02	0.07
1579694354672	-0.12	-0.02	0.06
1579694354763	-0.15	0.02	0.05
1579694354882	-0.16	-0.12	0.08
1579694354973	-0.07	0.06	0.02
1579694355063	-0.11	-0.05	0.05
1579694355182	-0.11	0.01	0.06
1579694355272	-0.09	-0.02	0.06
1579694355363	-0.13	0.01	0.05
1579694355512	-0.1	0.01	0.07
1579694355572	-0.12	0.0	0.05
1579694355669	-0.12	-0.0	0.04
1579694355782	-0.1	-0.01	0.05
1579694355872	-0.11	0.02	0.06
1579694355993	-0.09	0.01	0.06
1579694356083	-0.1	0.03	0.05
1579694356172	-0.11	0.02	0.06
1579694356263	-0.12	0.02	0.05
1579694356383	-0.13	0.01	0.05
1579694356502	-0.13	-0.0	0.05
1579694356593	-0.1	0.01	0.05
1579694356683	-0.14	0.02	0.05
1579694356772	-0.12	0.02	0.05
1579694356893	-0.12	0.03	0.05
1579694357011	-0.11	0.02	0.05
1579694357102	-0.12	0.02	0.05
1579694357193	-0.12	0.02	0.05
1579694357282	-0.11	0.01	0.05
1579694357372	-0.08	0.0	0.07
1579694357522	-0.13	0.02	0.06
1579694357702	-0.07	0.02	0.07
1579694357703	-0.12	0.02	0.06
1579694357793	-0.11	-0.0	0.05
1579694357882	-0.12	-0.02	0.04
1579694358002	-0.11	-0.0	0.05
1579694358092	-0.08	-0.0	0.06
1579694358301	-0.11	0.0	0.05
1579694358303	-0.1	0.01	0.06
1579694358392	-0.11	-0.0	0.05
1579694358482	-0.11	0.01	0.06
1579694358602	-0.11	0.01	0.05
1579694358693	-0.11	0.02	0.05
1579694358811	-0.14	0.04	0.05
1579694358902	-0.11	0.04	0.06
1579694358998	-0.13	0.06	0.08
1579694359111	0.01	0.1	0.12
1579694359231	0.05	0.07	0.17
1579694359352	-0.14	0.12	0.09
1579694359411	-0.17	0.09	0.02
1579694359503	-0.17	0.03	0.07
1579694359621	-0.08	0.02	0.04
1579694359711	-0.11	-0.04	0.06
1579694359834	-0.03	0.03	0.08
1579694359922	-0.02	0.02	0.08
1579694360011	-0.12	-0.02	0.06
1579694360072	-0.1	-0.0	0.05
1579694360163	-0.08	0.01	0.07
1579694360341	-0.04	0.03	0.09
1579694360431	-0.14	0.03	0.05
1579694360521	-0.09	0.01	0.06
1579694360611	-0.09	0.01	0.07
1579694360702	-0.14	0.01	0.05
1579694360822	-0.11	0.02	0.05
1579694360915	-0.1	0.02	0.06
1579694361122	-0.07	0.0	0.07
1579694361123	-0.13	0.04	0.05
1579694361211	-0.15	-0.01	0.04
1579694361302	-0.05	-0.02	0.08
1579694361422	-0.12	0.01	0.06
1579694361541	-0.14	0.02	0.05
1579694361721	-0.12	-0.01	0.05
1579694361723	-0.08	-0.01	0.07
1579694361783	-0.1	0.01	0.06
1579694361872	-0.09	-0.01	0.06
1579694361962	-0.12	-0.02	0.05
1579694362111	-0.1	-0.04	0.05
1579694362172	-0.14	-0.04	0.03
1579694362262	-0.14	-0.12	-0.02
1579694362442	-0.24	0.06	-0.1
1579694362472	-0.28	-0.1	0.05
1579694362652	-0.01	0.05	0.02
1579694362682	-0.23	-0.42	-0.1
1579694362772	-0.09	0.64	0.17
1579694362862	-0.11	-0.17	0.11
1579694362982	-0.1	0.16	0.06
1579694363073	-0.14	-0.04	0.03
1579694363252	-0.11	0.0	0.07
1579694363282	-0.1	-0.02	0.07
1579694363402	-0.11	0.0	0.05
1579694363463	-0.12	0.01	0.06
1579694363582	-0.1	0.0	0.06
1579694363672	-0.09	0.02	0.07
1579694363763	-0.11	0.02	0.06
1579694363882	-0.12	0.02	0.05
1579694363972	-0.12	0.02	0.05
1579694364062	-0.11	0.03	0.06
1579694364183	-0.11	0.02	0.06
1579694364421	-0.11	0.01	0.05
1579694364451	-0.12	0.01	0.05
1579694364541	-0.1	0.03	0.07
1579694364573	-0.11	0.01	0.06
1579694364662	-0.12	0.03	0.05
1579694364782	-0.12	0.02	0.05
1579694364873	-0.12	0.02	0.06
1579694365052	-0.09	0.01	0.06
1579694365141	-0.12	-0.01	0.05
1579694365172	-0.1	-0.01	0.06
1579694365263	-0.11	-0.0	0.06
1579694365384	-0.09	-0.0	0.07
1579694365561	-0.1	0.01	0.07
1579694365681	-0.11	0.02	0.05
1579694365683	-0.11	0.02	0.05
1579694365773	-0.12	0.03	0.05
1579694365893	-0.1	0.03	0.06
1579694366071	-0.11	0.02	0.05
1579694366073	-0.11	0.02	0.06
1579694366163	-0.11	0.01	0.05
1579694366282	-0.1	0.02	0.06
1579694366403	-0.11	0.01	0.06
1579694366492	-0.11	0.01	0.05
1579694366582	-0.12	0.0	0.05
1579694366672	-0.12	0.01	0.05
1579694366792	-0.12	0.0	0.05
1579694366882	-0.12	-0.01	0.05
1579694366972	-0.11	0.0	0.04
1579694367062	-0.21	0.06	-0.03
1579694367182	-0.18	-0.02	0.03
1579694367272	-0.09	0.07	0.02
1579694367392	-0.22	-0.06	-0.0
1579694367514	-0.0	0.02	0.09
1579694367575	-0.06	0.01	0.04
1579694367662	-0.11	0.01	0.06
1579694367782	-0.11	-0.01	0.07
1579694367872	-0.13	-0.02	0.04
1579694367962	-0.08	0.01	0.06
1579694368082	-0.12	0.01	0.05
1579694368172	-0.13	0.02	0.05
1579694368262	-0.15	0.02	0.04
1579694368382	-0.12	0.01	0.04
1579694368472	-0.13	-0.01	0.04
1579694368562	-0.12	-0.0	0.05
1579694368712	-0.11	0.01	0.05
1579694368772	-0.13	0.0	0.05
1579694368862	-0.11	0.03	0.06
1579694368982	-0.11	0.01	0.06
1579694369072	-0.12	0.01	0.05
1579694369162	-0.1	0.03	0.06
1579694369282	-0.13	0.03	0.05
1579694369372	-0.11	0.02	0.06
1579694369462	-0.11	0.0	0.06
1579694369582	-0.12	0.01	0.05
1579694369672	-0.1	0.01	0.06
1579694369765	-0.13	-0.0	0.05
1579694370001	-0.18	-0.01	0.02
1579694370061	-0.11	0.05	0.08
1579694370063	-0.06	0.05	0.11
1579694370211	-0.03	0.03	0.08
1579694370331	-0.14	-0.0	0.07
1579694370362	-0.02	0.13	0.29
1579694370511	-0.15	0.1	0.01
1579694370572	-0.12	-0.06	0.04
1579694370662	-0.12	0.02	0.02
1579694370842	-0.09	-0.0	0.05
1579694370931	-0.12	0.01	0.04
1579694371021	-0.13	0.15	0.19
1579694371111	-0.17	0.01	0.05
1579694371172	-0.09	-0.22	0.06
1579694371262	-0.14	0.13	0.13
1579694371442	-0.1	0.06	0.05
1579694371472	-0.1	0.0	0.06
1579694371622	-0.13	-0.03	0.05
1579694371711	-0.1	0.01	0.06
1579694371831	-0.12	0.02	0.05
1579694371927	-0.09	0.02	0.06
1579694372042	-0.1	0.01	0.06
1579694372131	-0.11	0.02	0.05
1579694372221	-0.1	0.01	0.07
1579694372341	-0.11	0.01	0.06
1579694372431	-0.12	0.0	0.05
1579694372551	-0.11	0.01	0.05
1579694372641	-0.09	0.03	0.07
1579694372731	-0.1	-0.0	0.06
1579694372762	-0.1	0.01	0.06
1579694372882	-0.11	0.01	0.06
1579694373064	-0.1	0.02	0.06
1579694373152	-0.11	0.02	0.06
1579694373241	-0.11	0.01	0.05
1579694373331	-0.12	0.01	0.05
1579694373362	-0.11	0.02	0.06
1579694373483	-0.11	0.01	0.06
1579694373602	-0.11	0.01	0.06
1579694373663	-0.11	0.0	0.05
1579694373782	-0.12	0.0	0.05
1579694373902	-0.1	0.0	0.05
1579694373962	-0.13	0.01	0.05
1579694374082	-0.11	0.02	0.06
1579694374175	-0.1	0.02	0.06
1579694374263	-0.11	0.01	0.05
1579694374382	-0.1	0.0	0.07
1579694374472	-0.1	0.01	0.06
1579694374563	-0.12	0.0	0.05
1579694374682	-0.1	0.01	0.06
1579694374772	-0.11	-0.0	0.06
1579694374893	-0.12	-0.0	0.05
1579694375011	-0.1	0.0	0.06
1579694375072	-0.12	0.01	0.05
1579694375164	-0.11	0.0	0.06
1579694375284	-0.11	0.03	0.06
1579694375373	-0.11	0.01	0.05
1579694375492	-0.12	0.01	0.05
1579694375582	-0.11	0.01	0.05
1579694375673	-0.12	0.01	0.05
1579694375881	-0.09	0.03	0.07
1579694375883	-0.11	0.0	0.06
1579694375973	-0.1	0.01	0.06
1579694376121	-0.11	0.01	0.05
1579694376271	-0.11	0.01	0.06
1579694376273	-0.1	0.02	0.06
1579694376393	-0.11	0.01	0.05
1579694376483	-0.11	0.01	0.05
1579694376577	-0.11	0.02	0.06
1579694376872	-0.12	0.01	0.05
1579694376873	-0.12	0.0	0.05
1579694376992	-0.12	-0.02	0.05
1579694376993	-0.09	-0.01	0.06
1579694377083	-0.12	0.0	0.05
1579694377173	-0.09	-0.0	0.07
1579694377292	-0.09	0.02	0.06
1579694377383	-0.11	0.01	0.05
1579694377503	-0.11	0.01	0.06
1579694377593	-0.11	0.01	0.05
1579694377689	-0.12	0.01	0.05
1579694377773	-0.09	0.03	0.07
1579694377893	-0.11	0.01	0.06
1579694377983	-0.1	0.01	0.06
1579694378103	-0.12	0.0	0.05
1579694378193	-0.11	0.01	0.06
1579694378283	-0.1	0.02	0.06
1579694378373	-0.11	0.01	0.05
1579694378493	-0.11	0.01	0.06
1579694378612	-0.11	0.01	0.05
1579694378702	-0.12	0.02	0.05
1579694378797	-0.11	0.05	0.06
1579694378883	-0.11	0.02	0.05
1579694379003	-0.12	0.01	0.05
1579694379093	-0.12	0.02	0.05
1579694379212	-0.11	0.02	0.06
1579694379303	-0.11	0.01	0.06
1579694379393	-0.11	0.01	0.05
1579694379482	-0.11	0.0	0.06
1579694379603	-0.11	0.0	0.05
1579694379902	-0.11	0.01	0.05
1579694379903	-0.1	0.02	0.06
1579694379992	-0.11	0.02	0.06
1579694379993	-0.12	0.02	0.06
1579694380112	-0.1	0.02	0.06
1579694380202	-0.1	0.01	0.06
1579694380411	-0.11	0.01	0.06
1579694380502	-0.11	0.01	0.05
1579694380504	-0.12	0.01	0.05
1579694380592	-0.11	0.01	0.05
1579694380716	-0.11	0.0	0.05
1579694380832	-0.12	-0.0	0.05
1579694380921	-0.1	0.01	0.06
1579694381012	-0.13	0.01	0.05
1579694381102	-0.1	0.02	0.06
1579694381221	-0.1	0.02	0.06
1579694381312	-0.12	0.01	0.05
1579694381432	-0.11	0.01	0.06
1579694381521	-0.11	0.02	0.05
1579694381612	-0.12	0.01	0.05
1579694381702	-0.11	0.02	0.06
1579694381824	-0.11	0.01	0.05
1579694381883	-0.11	0.02	0.05
1579694381972	-0.13	0.01	0.05
1579694382092	-0.09	0.01	0.06
1579694382182	-0.1	0.0	0.06
1579694382272	-0.11	0.01	0.06
1579694382421	-0.11	0.01	0.06
1579694382512	-0.11	0.01	0.05
1579694382572	-0.11	0.01	0.05
1579694382692	-0.09	0.02	0.07
1579694382782	-0.11	0.01	0.06
1579694382873	-0.1	0.01	0.06
1579694382992	-0.12	-0.0	0.05
1579694383082	-0.11	0.02	0.06
1579694383172	-0.1	0.02	0.06
1579694383321	-0.11	0.01	0.05
1579694383412	-0.12	0.01	0.05
1579694383502	-0.11	0.01	0.06
1579694383592	-0.12	0.01	0.05
1579694383741	-0.12	-0.0	0.06
1579694383773	-0.1	0.0	0.06
1579694383892	-0.12	0.02	0.05
1579694383982	-0.11	0.01	0.06
1579694384080	-0.1	0.02	0.06
1579694384251	-0.11	0.01	0.05
1579694384282	-0.11	0.01	0.06
1579694384372	-0.11	0.01	0.05
1579694384492	-0.11	0.01	0.05
1579694384582	-0.1	0.03	0.06
1579694384672	-0.11	0.02	0.06
1579694384792	-0.12	0.02	0.06
1579694384883	-0.1	0.02	0.06
1579694384972	-0.1	0.02	0.07
1579694385092	-0.11	0.01	0.06
1579694385271	-0.11	0.01	0.06
1579694385273	-0.11	0.0	0.05
1579694385392	-0.12	0.01	0.05
1579694385482	-0.1	0.04	0.06
1579694385661	-0.11	0.01	0.05
1579694385751	-0.11	0.01	0.06
1579694385871	-0.11	0.01	0.05
1579694385873	-0.11	0.02	0.06
1579694386052	-0.11	0.01	0.06
1579694386082	-0.11	0.01	0.05
1579694386172	-0.11	0.01	0.05
1579694386381	-0.11	0.01	0.05
1579694386471	-0.1	0.01	0.06
1579694386502	-0.11	0.01	0.05
1579694386592	-0.11	0.02	0.05
1579694386682	-0.13	0.02	0.05
1579694386773	-0.1	0.02	0.06
1579694386892	-0.1	0.02	0.06
1579694386983	-0.11	0.0	0.06
1579694387073	-0.11	0.01	0.06
1579694387192	-0.11	0.0	0.05
1579694387282	-0.11	0.0	0.06
1579694387491	-0.08	0.02	0.07
1579694387493	-0.11	0.01	0.05
1579694387587	-0.1	0.01	0.06
1579694387673	-0.12	0.01	0.05
1579694387792	-0.11	0.0	0.06
1579694387883	-0.1	0.01	0.06
1579694387973	-0.11	0.01	0.05
1579694388093	-0.12	0.01	0.05
1579694388183	-0.11	0.01	0.06
1579694388273	-0.12	-0.0	0.05
1579694388392	-0.12	-0.0	0.05
1579694388483	-0.1	0.0	0.06
1579694388692	-0.12	0.01	0.05
1579694388781	-0.11	0.01	0.06
1579694388783	-0.11	0.02	0.06
1579694388873	-0.11	0.01	0.05
1579694388993	-0.11	0.01	0.06
1579694389082	-0.11	0.01	0.05
1579694389203	-0.12	0.01	0.05
1579694389293	-0.09	0.02	0.06
1579694389383	-0.12	0.0	0.05
1579694389473	-0.1	0.0	0.06
1579694389592	-0.11	0.01	0.05
1579694389713	-0.11	-0.01	0.06
1579694389807	-0.1	0.02	0.06
1579694389892	-0.11	0.0	0.05
1579694389983	-0.11	0.0	0.05
1579694390102	-0.11	0.01	0.06
1579694390192	-0.11	-0.01	0.05
1579694390312	-0.12	0.0	0.05
1579694390403	-0.1	0.0	0.06
1579694390492	-0.12	0.0	0.05
1579694390582	-0.1	0.0	0.06
1579694390702	-0.11	0.01	0.05
1579694390821	-0.12	0.02	0.06
1579694390912	-0.11	0.01	0.06
1579694391002	-0.11	0.02	0.06
1579694391092	-0.09	0.03	0.06
1579694391212	-0.11	-0.0	0.06
1579694391302	-0.11	-0.0	0.06
1579694391421	-0.11	0.02	0.05
1579694391512	-0.13	0.01	0.05
1579694391602	-0.11	0.01	0.06
1579694391692	-0.11	0.01	0.05
1579694391812	-0.13	-0.01	0.05
1579694392021	-0.1	0.01	0.06
1579694392112	-0.1	0.02	0.07
1579694392113	-0.1	0.02	0.06
1579694392202	-0.11	0.02	0.06
1579694392321	-0.11	0.01	0.05
1579694392412	-0.09	0.01	0.07
1579694392531	-0.11	0.02	0.06
1579694392621	-0.11	0.02	0.05
1579694392712	-0.12	0.01	0.06
1579694392772	-0.09	0.03	0.07
1579694392922	-0.11	0.0	0.05
1579694393041	-0.1	0.0	0.06
1579694393073	-0.11	0.0	0.05
1579694393221	-0.1	0.0	0.06
1579694393282	-0.1	0.0	0.07
1579694393372	-0.1	-0.0	0.05
1579694393521	-0.11	0.0	0.06
1579694393582	-0.11	-0.0	0.06
1579694393673	-0.13	0.06	0.05
1579694393821	-0.11	0.02	0.05
1579694393882	-0.1	-0.01	0.06
1579694393974	-0.1	0.01	0.06
1579694394151	-0.08	-0.02	0.06
1579694394241	-0.12	0.0	0.06
1579694394272	-0.15	0.02	0.04
1579694394422	-0.06	-0.16	0.11
1579694394482	-0.08	0.02	0.06
1579694394631	-0.16	-0.02	0.03
1579694394752	-0.11	0.02	0.05
1579694394782	-0.12	0.02	0.05
1579694394872	-0.12	0.05	0.05
1579694394992	-0.12	0.03	0.05
1579694395085	-0.12	0.01	0.05
1579694395172	-0.12	0.02	0.05
1579694395352	-0.11	0.01	0.05
1579694395442	-0.12	0.01	0.06
1579694395472	-0.11	0.01	0.05
1579694395651	-0.12	0.02	0.05
1579694395741	-0.1	0.02	0.06
1579694395772	-0.11	0.02	0.06
1579694395952	-0.12	0.02	0.05
1579694396041	-0.11	0.02	0.06
1579694396131	-0.11	0.02	0.05
1579694396195	-0.1	0.02	0.06
1579694396282	-0.11	0.0	0.05
1579694396377	-0.1	0.02	0.05
1579694396551	-0.12	0.01	0.06
1579694396641	-0.09	-0.0	0.06
1579694396672	-0.13	-0.02	0.05
1579694396792	-0.12	-0.01	0.05
1579694396882	-0.08	0.01	0.06
1579694396973	-0.1	-0.01	0.06
1579694397092	-0.14	0.08	0.06
1579694397182	-0.2	0.08	-0.01
1579694397274	-0.07	-0.1	0.08
1579694397392	-0.12	0.05	0.02
1579694397487	-0.15	-0.04	0.04
1579694397573	-0.1	-0.04	0.04
1579694397752	-0.09	-0.01	0.06
1579694397782	-0.09	0.04	0.06
1579694397873	-0.21	0.1	0.03
1579694398081	-0.12	0.07	0.06
1579694398083	0.02	-0.12	0.13
1579694398173	-0.07	0.01	0.05
1579694398292	-0.12	0.08	0.07
1579694398382	-0.16	0.02	0.03
1579694398472	-0.09	-0.03	0.02
1579694398592	-0.08	0.08	0.03
1579694398682	-0.13	0.0	0.05
1579694398773	-0.05	0.09	0.05
1579694398892	-0.16	0.07	0.07
1579694398982	-0.09	0.02	0.05
1579694399073	-0.13	0.01	0.05
1579694399193	-0.08	-0.01	0.05
1579694399312	-0.09	0.0	0.06
1579694399373	-0.11	0.01	0.04
1579694399495	-0.09	-0.01	0.04
1579694399582	-0.12	-0.03	0.04
1579694399708	-0.11	0.03	0.05
1579694399793	-0.12	-0.0	0.04
1579694399883	-0.11	-0.0	0.05
1579694399973	-0.11	0.03	0.06
1579694400093	-0.11	0.02	0.06
1579694400183	-0.12	0.01	0.06
1579694400391	-0.12	0.03	0.05
1579694400393	-0.11	0.03	0.06
1579694400483	-0.11	-0.0	0.05
1579694400691	-0.1	-0.0	0.05
1579694400693	-0.11	-0.0	0.05
1579694400812	-0.1	0.01	0.05
1579694400903	-0.1	0.0	0.06
1579694400993	-0.1	0.01	0.06
1579694401083	-0.09	0.02	0.07
1579694401203	-0.1	0.02	0.06
1579694401293	-0.1	0.02	0.06
1579694401413	-0.1	0.01	0.06
1579694401503	-0.11	0.0	0.05
1579694401593	-0.12	-0.0	0.06
1579694401684	-0.12	0.01	0.05
1579694401803	-0.12	0.0	0.05
1579694401928	-0.11	0.0	0.05
1579694402013	-0.12	0.01	0.05
1579694402103	-0.11	0.01	0.06
1579694402193	-0.11	0.03	0.05
1579694402401	-0.11	0.02	0.05
1579694402403	-0.11	0.02	0.05
1579694402522	-0.12	0.02	0.06
1579694402612	-0.11	-0.0	0.05
1579694402703	-0.11	0.03	0.06
1579694402792	-0.12	0.01	0.05
1579694402912	-0.11	0.02	0.06
1579694402978	-0.11	0.02	0.05
1579694403121	-0.1	-0.0	0.06
1579694403213	-0.1	0.0	0.06
1579694403303	-0.11	0.01	0.05
1579694403421	-0.11	-0.0	0.06
1579694403512	-0.11	0.0	0.06
1579694403632	-0.11	0.01	0.06
1579694403721	-0.1	0.03	0.06
1579694403812	-0.1	0.02	0.06
1579694403902	-0.11	0.01	0.05
1579694404021	-0.11	0.01	0.05
1579694404142	-0.1	0.03	0.06
1579694404231	-0.11	0.01	0.05
1579694404321	-0.12	0.0	0.05
1579694404412	-0.11	0.01	0.05
1579694404473	-0.11	0.03	0.06
1579694404621	-0.11	0.0	0.05
1579694404741	-0.11	0.01	0.06
1579694404772	-0.11	0.01	0.05
1579694405012	-0.13	0.02	0.05
1579694405013	-0.1	0.02	0.06
1579694405131	-0.1	0.03	0.06
1579694405252	-0.11	0.01	0.06
1579694405341	-0.11	0.01	0.06
1579694405431	-0.11	0.01	0.06
1579694405521	-0.11	0.01	0.06
1579694405641	-0.11	-0.0	0.06
1579694405731	-0.12	-0.01	0.05
1579694405851	-0.1	-0.0	0.06
1579694405942	-0.13	0.02	0.05
1579694406035	-0.11	0.02	0.06
1579694406122	-0.11	0.01	0.05
1579694406241	-0.12	0.01	0.05
1579694406452	-0.11	0.01	0.05
1579694406542	-0.11	0.01	0.05
1579694406543	-0.12	0.01	0.05
1579694406631	-0.1	0.04	0.06
1579694406751	-0.11	0.02	0.05
1579694406841	-0.11	0.01	0.06
1579694406962	-0.12	0.01	0.05
1579694407052	-0.11	0.02	0.06
1579694407144	-0.11	0.01	0.06
1579694407176	-0.11	0.02	0.05
1579694407352	-0.11	0.02	0.06
1579694407562	-0.1	0.01	0.06
1579694407563	-0.1	0.01	0.06
1579694407651	-0.1	0.01	0.06
1579694407741	-0.1	0.01	0.06
1579694407862	-0.12	0.01	0.06
1579694407952	-0.1	0.02	0.06
1579694408162	-0.1	0.02	0.06
1579694408163	-0.11	0.01	0.06
1579694408252	-0.11	0.01	0.06
1579694408284	-0.11	0.0	0.05
1579694408462	-0.11	0.01	0.05
1579694408672	-0.1	0.02	0.06
1579694408673	-0.12	0.0	0.05
1579694408761	-0.1	0.0	0.06
1579694408851	-0.12	0.01	0.05
1579694408972	-0.12	0.01	0.06
1579694408973	-0.11	0.02	0.06
1579694409271	-0.11	0.01	0.05
1579694409362	-0.11	0.0	0.06
1579694409363	-0.12	0.01	0.05
1579694409394	-0.11	0.01	0.05
1579694409482	-0.1	0.02	0.06
1579694409572	-0.07	0.01	0.08
1579694409872	-0.13	0.02	0.03
1579694409873	-0.14	0.01	0.05
1579694409961	-0.1	0.02	0.05
1579694410081	-0.08	-0.02	0.06
1579694410084	-0.11	-0.02	0.05
1579694410173	-0.15	-0.01	0.04
1579694410502	-0.07	0.02	0.08
1579694410503	-0.11	0.03	0.05
1579694410504	-0.12	0.03	0.07
1579694410592	-0.19	-0.09	0.2
1579694410689	-0.15	0.02	0.01
1579694410892	-0.1	-0.03	0.07
1579694410894	-0.12	0.05	0.04
1579694410983	-0.08	0.02	0.08
1579694411161	-0.11	0.01	0.08
1579694411193	-0.11	0.01	0.09
1579694411283	-0.1	-0.01	0.07
1579694411612	-0.12	0.05	0.05
1579694411881	-0.11	0.05	0.06
1579694412093	-0.12	0.03	0.06
1579694412095	-0.1	0.01	0.06
1579694412302	-0.14	-0.01	0.04
1579694412303	-0.11	-0.01	0.05
1579694412393	-0.1	-0.01	0.06
1579694412602	-0.11	-0.03	0.05
1579694412604	-0.11	0.0	0.06
1579694412722	-0.11	0.01	0.06
1579694412782	-0.11	0.02	0.06
1579694413022	-0.1	0.04	0.06
1579694413023	-0.12	0.01	0.05
1579694413113	-0.11	0.02	0.05
1579694413292	-0.11	0.01	0.05
1579694413322	-0.11	0.03	0.05
1579694413412	-0.1	0.01	0.05
1579694413503	-0.11	0.02	0.05
1579694413803	-0.11	0.01	0.06
1579694413804	-0.12	0.03	0.05
1579694413831	-0.1	0.02	0.06
1579694413921	-0.11	-0.01	0.06
1579694414012	-0.1	-0.02	0.06
1579694414131	-0.1	-0.03	0.06
1579694414221	-0.12	-0.01	0.06
1579694414312	-0.2	0.23	0.03
1579694414492	-0.19	0.2	0.07
1579694414493	0.01	-0.15	0.1
1579694414612	-0.09	0.04	0.03
1579694414703	-0.18	0.02	0.05
1579694414824	-0.09	0.02	0.08
1579694414913	-0.11	0.03	0.06
1579694415003	-0.12	-0.0	0.04
1579694415121	-0.12	-0.01	0.05
1579694415212	-0.11	-0.02	0.05
1579694415332	-0.3	0.04	0.04
1579694415421	-0.07	0.03	0.07
1579694415512	-0.06	0.05	0.08
1579694415632	-0.13	0.08	0.01
1579694415721	-0.16	0.14	-0.01
1579694415842	-0.15	-0.01	0.04
1579694416022	-0.04	0.11	0.06
1579694416023	-0.09	-0.01	0.06
1579694416112	-0.21	-0.04	0.03
1579694416231	-0.06	0.08	0.09
1579694416351	-0.1	-0.04	0.04
1579694416442	-0.11	-0.0	0.05
1579694416532	-0.11	-0.0	0.06
1579694416622	-0.02	-0.05	0.1
1579694416682	-0.11	0.03	0.06
1579694416772	0.04	0.04	0.1
1579694416951	-0.11	0.02	0.09
1579694416982	-0.11	-0.06	0.06
1579694417072	-0.1	-0.0	0.06
1579694417221	-0.1	0.04	0.06
1579694417282	-0.15	-0.02	0.08
1579694417372	-0.13	0.06	0.08
1579694417492	-0.1	-0.01	0.05
1579694417582	-0.12	0.01	0.05
1579694417672	-0.08	0.03	0.07
1579694417792	-0.12	-0.02	0.03
1579694417882	-0.11	0.02	0.06
1579694417972	-0.1	-0.0	0.06
1579694418092	-0.1	0.04	0.06
1579694418242	-0.11	0.03	0.06
1579694418272	-0.12	0.02	0.04
1579694418392	-0.12	0.0	0.05
1579694418572	-0.11	0.01	0.06
1579694418573	-0.12	0.0	0.04
1579694418692	-0.13	-0.03	0.05
1579694418842	-0.09	-0.02	0.07
1579694418872	-0.11	0.05	0.05
1579694418993	-0.13	0.02	0.05
1579694419082	-0.1	0.01	0.06
1579694419173	-0.11	0.07	0.05
1579694419295	-0.13	0.02	0.04
1579694419382	-0.11	-0.01	0.06
1579694419472	-0.13	0.0	0.05
1579694419592	-0.09	-0.02	0.05
1579694419683	-0.13	-0.03	0.04
1579694419773	-0.1	-0.02	0.06
1579694419892	-0.12	0.0	0.05
1579694419982	-0.09	0.04	0.04
1579694420073	-0.1	-0.01	0.07
1579694420192	-0.11	0.0	0.06
1579694420283	-0.11	0.02	0.06
1579694420462	-0.12	0.03	0.05
1579694420492	-0.11	0.02	0.06
1579694420582	-0.11	0.01	0.08
1579694420673	-0.12	0.02	0.05
1579694420793	-0.13	0.01	0.05
1579694420883	-0.11	0.02	0.05
1579694420978	-0.1	0.02	0.05
1579694421092	-0.12	0.01	0.06
1579694421183	-0.11	0.02	0.05
1579694421273	-0.11	0.01	0.05
1579694421393	-0.12	0.0	0.05
1579694421571	-0.1	0.01	0.06
1579694421573	-0.11	-0.01	0.06
1579694421722	-0.11	-0.01	0.06
1579694421782	-0.11	0.01	0.05
1579694421903	-0.12	0.02	0.06
1579694421993	-0.1	0.02	0.05
1579694422088	-0.11	0.0	0.06
1579694422173	-0.11	0.01	0.06
1579694422293	-0.11	0.01	0.06
1579694422382	-0.12	0.01	0.05
1579694422503	-0.12	0.0	0.04
1579694422622	-0.13	-0.0	0.04
1579694422682	-0.1	-0.01	0.06
1579694422773	-0.12	-0.0	0.05
1579694422892	-0.12	-0.01	0.05
1579694423012	-0.1	0.02	0.05
1579694423103	-0.11	0.01	0.05
1579694423192	-0.11	0.02	0.05
1579694423283	-0.1	-0.0	0.07
1579694423403	-0.11	0.01	0.06
1579694423492	-0.09	0.02	0.06
1579694423613	-0.13	0.0	0.05
1579694423703	-0.11	-0.0	0.06
1579694423793	-0.1	0.01	0.05
1579694423882	-0.12	-0.0	0.05
1579694424003	-0.11	0.01	0.05
1579694424212	-0.11	0.01	0.05
1579694424213	-0.12	0.01	0.05
1579694424302	-0.11	0.0	0.05
1579694424392	-0.11	0.01	0.06
1579694424482	-0.12	0.02	0.05
1579694424602	-0.13	-0.01	0.05
1579694424725	-0.1	0.0	0.06
1579694424815	-0.12	0.01	0.05
1579694424872	-0.11	-0.01	0.06
1579694424992	-0.1	0.02	0.06
1579694425202	-0.11	0.0	0.05
1579694425232	-0.11	0.0	0.06
1579694425321	-0.11	0.01	0.06
1579694425413	-0.11	0.01	0.05
1579694425503	-0.08	0.03	0.06
1579694425653	-0.11	0.01	0.06
1579694425922	-0.11	-0.0	0.06
1579694425922	-0.11	0.0	0.05
1579694425924	-0.11	0.02	0.06
1579694426012	-0.11	0.01	0.06
1579694426102	-0.11	0.01	0.05
1579694426221	-0.11	0.02	0.06
1579694426341	-0.11	0.01	0.06
1579694426431	-0.11	0.01	0.05
1579694426522	-0.09	0.04	0.06
1579694426612	-0.11	-0.0	0.05
1579694426732	-0.11	0.01	0.06
1579694426822	-0.11	0.01	0.05
1579694426945	-0.12	0.02	0.05
1579694427032	-0.11	0.0	0.05
1579694427122	-0.11	0.0	0.05
1579694427212	-0.12	0.02	0.06
1579694427332	-0.14	0.02	0.06
1579694427452	-0.13	-0.0	0.06
1579694427542	-0.16	-0.03	0.04
1579694427662	-0.12	0.04	0.05
1579694427751	-0.11	-0.06	0.04
1579694427812	-0.15	-0.1	0.03
1579694427873	-0.09	-0.02	0.06
1579694428052	-0.13	-0.04	0.05
1579694428142	-0.13	0.02	0.04
1579694428232	-0.11	-0.01	0.05
1579694428322	-0.14	0.0	0.04
1579694428412	-0.13	0.04	0.04
1579694428472	-0.1	0.03	0.06
1579694428742	-0.11	0.01	0.06
1579694428831	-0.11	0.01	0.06
1579694428833	-0.1	0.02	0.07
1579694428922	-0.11	0.01	0.06
1579694429042	-0.11	0.01	0.05
1579694429252	-0.11	0.0	0.05
1579694429253	-0.11	0.02	0.05
1579694429341	-0.11	0.03	0.05
1579694429372	-0.11	0.01	0.06
1579694429552	-0.11	0.01	0.05
1579694429672	-0.12	-0.01	0.05
1579694429673	-0.1	-0.01	0.06
1579694429852	-0.1	-0.0	0.06
1579694429942	-0.12	-0.0	0.05
1579694430032	-0.11	-0.0	0.06
1579694430212	-0.11	0.01	0.06
1579694430213	-0.08	0.03	0.07
1579694430273	-0.1	0.03	0.06
1579694430452	-0.11	0.02	0.06
1579694430482	-0.12	0.0	0.05
1579694430573	-0.1	0.01	0.06
1579694430752	-0.1	0.02	0.06
1579694430813	-0.12	0.01	0.05
1579694430879	-0.11	0.01	0.06
1579694431172	-0.12	0.02	0.05
1579694431173	-0.11	0.04	0.06
1579694431442	-0.11	0.02	0.06
1579694431473	-0.12	0.01	0.05
1579694431474	-0.13	0.01	0.05
1579694431562	-0.11	0.02	0.06
1579694431652	-0.13	0.01	0.05
1579694431682	-0.15	0.02	0.04
1579694431772	-0.11	0.02	0.06
1579694431922	-0.09	0.02	0.07
1579694431987	-0.11	0.01	0.05
1579694432073	-0.1	0.02	0.06
1579694432282	-0.11	0.01	0.06
1579694432283	-0.11	-0.0	0.05
1579694432462	-0.08	0.0	0.07
1579694432495	-0.1	0.01	0.06
1579694432582	-0.11	0.01	0.06
1579694432672	-0.11	0.03	0.06
1579694432852	-0.1	0.04	0.06
1579694432883	-0.1	0.0	0.06
1579694432973	-0.1	0.0	0.06
1579694433097	-0.12	0.0	0.05
1579694433183	-0.12	0.01	0.05
1579694433273	-0.11	0.05	0.05
1579694433544	-0.11	0.06	0.03
1579694433572	-0.12	0.05	0.03
1579694433605	-0.13	0.02	0.04
1579694433692	-0.1	0.0	0.05
1579694433782	-0.12	-0.02	0.05
1579694433873	-0.1	0.02	0.06
1579694434082	-0.11	0.01	0.06
1579694434292	-0.1	-0.0	0.06
1579694434382	-0.09	0.0	0.06
1579694434472	-0.11	-0.01	0.05
1579694434473	-0.11	-0.01	0.05
1579694434502	-0.11	0.0	0.05
1579694434802	-0.11	0.0	0.06
1579694434802	-0.11	-0.01	0.05
1579694434892	-0.1	0.01	0.06
1579694434893	-0.12	0.03	0.06
1579694434982	-0.11	0.04	0.06
1579694435192	-0.11	0.03	0.06
1579694435193	-0.12	0.01	0.05
1579694435312	-0.11	0.02	0.06
1579694435583	-0.12	0.02	0.05
1579694435585	-0.12	0.0	0.05
1579694435702	-0.12	-0.0	0.05
1579694435703	-0.11	0.01	0.05
1579694435822	-0.12	0.01	0.05
1579694435912	-0.1	0.02	0.06
1579694436003	-0.11	0.02	0.06
1579694436122	-0.12	0.01	0.05
1579694436183	-0.11	0.01	0.06
1579694436303	-0.11	0.02	0.05
1579694436392	-0.12	0.02	0.05
1579694436512	-0.11	0.02	0.06
1579694436603	-0.11	0.01	0.06
1579694436752	-0.11	-0.0	0.06
1579694436844	-0.11	0.02	0.05
1579694436932	-0.12	0.01	0.05
1579694437022	-0.1	0.0	0.05
1579694437112	-0.1	0.01	0.06
1579694437202	-0.11	0.0	0.06
1579694437352	-0.11	0.01	0.05
1579694437442	-0.11	0.02	0.06
1579694437532	-0.11	0.02	0.05
1579694437712	-0.11	0.0	0.05
1579694437713	-0.12	-0.0	0.05
1579694437893	-0.1	0.01	0.06
1579694437894	-0.12	0.01	0.05
1579694438132	-0.1	0.03	0.06
1579694438134	-0.11	0.02	0.06
1579694438312	-0.11	0.01	0.05
1579694438313	-0.11	0.01	0.06
1579694438403	-0.11	0.0	0.05
1579694438492	-0.12	0.01	0.05
1579694438642	-0.1	0.05	0.06
1579694439002	-0.12	0.02	0.05
1579694439152	-0.12	0.0	0.05
1579694439153	-0.12	-0.01	0.05
1579694439242	-0.1	-0.0	0.06
1579694439362	-0.11	-0.0	0.06
1579694439572	-0.11	0.0	0.05
1579694439573	-0.1	0.01	0.06
1579694439662	-0.12	0.01	0.05
1579694439752	-0.1	0.01	0.06
1579694439842	-0.12	0.02	0.05
1579694440112	-0.11	0.01	0.06
1579694440173	-0.11	0.02	0.06
1579694440174	-0.11	0.01	0.05
1579694440232	-0.11	0.01	0.06
1579694440352	-0.11	0.01	0.05
1579694440562	-0.1	0.02	0.06
1579694440623	-0.11	-0.01	0.05
1579694440682	-0.1	-0.0	0.06
1579694440772	-0.11	0.01	0.05
1579694440773	-0.11	0.01	0.05
1579694441222	-0.1	0.03	0.06
1579694441312	-0.18	-0.06	-0.01
1579694441343	-0.11	-0.13	0.06
1579694441345	-0.11	0.11	0.06
1579694441732	-0.1	-0.01	0.06
1579694441733	-0.1	-0.0	0.06
1579694441762	-0.11	-0.01	0.05
1579694441852	-0.09	0.01	0.07
1579694441883	-0.1	0.02	0.07
1579694441973	-0.11	0.03	0.06
1579694442395	-0.12	0.02	0.06
1579694442422	-0.11	0.02	0.06
1579694442452	-0.11	0.03	0.06
1579694442482	-0.1	0.01	0.06
1579694442484	-0.12	0.01	0.05
1579694442573	-0.11	0.02	0.05
1579694442902	-0.1	0.02	0.06
1579694442992	-0.12	0.01	0.05
1579694442993	-0.11	0.01	0.06
1579694442995	-0.11	0.01	0.05
1579694443083	-0.11	0.01	0.06
1579694443352	-0.09	0.04	0.07
1579694443355	-0.11	0.01	0.05
1579694443592	-0.12	0.02	0.06
1579694443682	-0.12	0.03	0.05
1579694443683	-0.11	0.01	0.06
1579694443685	-0.11	0.0	0.06
1579694443862	-0.12	0.02	0.05
1579694443893	-0.11	0.02	0.06
1579694443983	-0.12	0.03	0.06
1579694444103	-0.11	0.04	0.07
1579694444282	-0.12	0.0	0.05
1579694444283	-0.06	0.03	0.06
1579694444612	-0.14	0.01	0.04
1579694444709	-0.15	0.0	0.04
1579694444792	-0.08	0.12	0.08
1579694444793	-0.11	-0.07	0.04
1579694444794	-0.09	-0.04	0.06
1579694445092	-0.12	0.01	0.05
1579694445093	-0.11	-0.03	0.05
1579694445212	-0.12	-0.03	0.05
1579694445213	-0.1	0.01	0.05
1579694445303	-0.12	0.01	0.05
1579694445512	-0.1	0.01	0.06
1579694445514	-0.1	0.01	0.06
1579694445818	-0.11	0.01	0.06
1579694445902	-0.11	0.01	0.06
1579694445903	-0.11	0.01	0.06
1579694445904	-0.11	0.01	0.05
1579694446022	-0.09	0.03	0.07
1579694446232	-0.12	0.02	0.05
1579694446233	-0.12	0.02	0.05
1579694446322	-0.13	0.0	0.05
1579694446412	-0.1	-0.01	0.06
1579694446832	-0.1	-0.01	0.06
1579694446833	-0.11	0.0	0.05
1579694446922	-0.11	0.01	0.06
1579694446923	-0.11	0.01	0.05
1579694447342	-0.1	0.01	0.06
1579694447343	-0.12	0.01	0.05
1579694447432	-0.1	0.01	0.06
1579694447492	-0.09	0.01	0.07
1579694447522	-0.11	0.0	0.05
1579694447732	-0.11	0.01	0.06
1579694447733	-0.11	0.01	0.05
1579694447856	-0.11	0.01	0.06
1579694447942	-0.1	0.01	0.06
1579694448032	-0.12	-0.02	0.05
1579694448122	-0.09	0.0	0.06
1579694448212	-0.12	0.01	0.05
1579694448302	-0.11	-0.01	0.06
1579694448542	-0.11	0.02	0.06
1579694448543	-0.11	0.01	0.05
1579694448782	-0.12	0.01	0.06
1579694448783	-0.12	0.03	0.05
1579694449022	-0.13	0.05	0.05
1579694449023	-0.12	0.01	0.05
1579694449052	-0.13	-0.01	0.05
1579694449149	-0.1	-0.01	0.06
1579694449232	-0.12	-0.0	0.05
1579694449412	-0.09	0.0	0.06
1579694449413	-0.1	0.0	0.06
1579694449652	-0.11	0.01	0.05
1579694449654	-0.11	0.02	0.06
1579694449742	-0.11	0.02	0.06
1579694449952	-0.11	0.01	0.06
1579694450163	-0.11	0.02	0.05
1579694450165	-0.11	0.02	0.06
1579694450252	-0.12	0.01	0.06
1579694450348	-0.11	0.02	0.06
1579694450522	-0.11	0.02	0.06
1579694450523	-0.12	0.01	0.06
1579694450524	-0.11	0.02	0.06
1579694450672	-0.11	0.01	0.05
1579694450762	-0.11	0.01	0.05
1579694450852	-0.13	0.01	0.05
1579694450913	-0.14	0.01	0.05
1579694451062	-0.11	0.02	0.05
1579694451242	-0.13	0.0	0.04
1579694451272	-0.1	0.01	0.06
1579694451368	-0.1	0.01	0.06
1579694451452	-0.12	0.0	0.05
1579694451632	-0.11	0.01	0.05
1579694451635	-0.11	0.01	0.05
1579694451872	-0.1	0.01	0.06
1579694451873	-0.1	-0.0	0.03
1579694451962	-0.1	-0.02	0.04
1579694452022	-0.1	0.01	0.06
1579694452173	-0.12	0.0	0.05
1579694452174	-0.1	-0.0	0.05
1579694452472	-0.09	0.06	0.06
1579694452562	-0.11	0.09	0.05
1579694452563	-0.12	0.0	0.05
1579694452982	-0.13	0.05	0.06
1579694453072	-0.08	0.05	0.06
1579694453282	-0.11	0.0	0.07
1579694453462	-0.12	0.02	0.05
1579694453582	-0.12	0.01	0.05
1579694453583	-0.17	0.04	0.03
1579694453585	-0.1	0.03	0.05
1579694453673	-0.11	0.03	0.06
1579694454092	-0.03	-0.03	0.09
1579694454188	-0.13	-0.03	0.05
1579694454572	-0.1	0.13	0.08
1579694454573	-0.16	-0.04	0.03
1579694454692	-0.1	0.13	0.06
1579694454693	-0.07	-0.03	0.09
1579694454695	-0.1	-0.01	0.06
1579694454782	-0.15	0.05	0.02
1579694454784	-0.13	0.04	0.07
1579694454902	-0.02	0.14	0.17
1579694455052	-0.29	0.08	-0.0
1579694455142	-0.5	-0.09	-0.1
1579694455202	0.33	0.17	0.26
1579694455292	-0.09	-0.27	0.0
1579694455502	-0.08	0.02	0.12
1579694455503	0.11	-0.02	0.1
1579694455652	-0.25	-0.05	0.0
1579694455713	-0.08	0.15	0.08
1579694455802	-0.15	0.05	0.03
1579694455893	-0.15	0.05	0.04
1579694456312	-0.11	0.08	0.05
1579694456313	-0.03	-0.06	0.1
1579694456402	-0.09	0.06	0.08
1579694456492	-0.05	-0.04	0.03
1579694456644	-0.2	-0.03	0.04
1579694456852	-0.15	0.06	0.08
1579694456882	-0.13	-0.01	0.03
1579694456884	-0.15	0.0	0.04
1579694457003	-0.08	0.03	0.04
1579694457122	-0.1	-0.01	0.06
1579694457362	-0.09	0.0	0.06
1579694457422	-0.1	0.07	0.05
1579694457423	-0.09	0.07	0.07
1579694457512	-0.12	0.01	0.04
1579694458022	-0.13	0.0	0.05
1579694458023	-0.11	0.02	0.06
1579694458025	-0.14	0.03	0.05
1579694458113	-0.09	0.01	0.07
1579694458292	-0.13	-0.05	0.02
1579694458532	-0.15	-0.04	0.03
1579694458533	-0.13	-0.03	0.04
1579694458622	-0.11	-0.0	0.05
1579694458623	-0.13	0.02	0.04
1579694458802	-0.14	-0.02	0.05
1579694459012	-0.11	0.02	0.05
1579694459042	-0.14	-0.01	0.04
1579694459043	-0.11	0.0	0.05
1579694459132	-0.14	0.0	0.03
1579694459222	-0.11	-0.0	0.06
1579694459402	-0.12	-0.02	0.05
1579694459403	-0.1	0.01	0.06
1579694459642	-0.11	0.05	0.04
1579694459732	-0.2	-0.03	0.0
1579694459822	-0.14	-0.02	0.03
1579694460092	-0.08	0.04	0.08
1579694460122	-0.14	0.0	0.02
1579694460272	-0.18	0.02	0.02
1579694460273	-0.15	-0.03	0.04
1579694460452	-0.12	0.01	0.05
1579694460482	-0.13	0.02	0.05
1579694460573	-0.09	0.01	0.06
1579694460692	-0.11	-0.02	0.03
1579694460782	-0.12	0.02	0.05
1579694460872	-0.1	0.03	0.06
1579694461172	-0.1	0.02	0.06
1579694461233	-0.11	0.01	0.05
1579694461352	-0.11	0.01	0.05
1579694461442	-0.12	-0.0	0.03
1579694461443	-0.12	0.01	0.05
1579694461472	-0.1	0.02	0.06
1579694461622	-0.12	0.01	0.05
1579694461682	-0.09	-0.0	0.05
1579694461892	-0.1	-0.01	0.06
1579694461893	-0.11	0.0	0.06
1579694461982	-0.1	-0.01	0.06
1579694462072	-0.12	-0.02	0.05
1579694462252	-0.09	0.04	0.08
1579694462522	-0.11	-0.0	0.07
1579694462558	-0.08	0.03	0.06
1579694462822	-0.09	0.01	0.07
1579694462823	-0.09	-0.05	0.06
1579694462824	-0.15	-0.12	0.11
1579694462825	-0.16	-0.01	0.07
1579694462942	-0.1	-0.04	0.07
1579694462973	-0.15	-0.03	0.08
1579694463122	-0.11	0.01	0.04
1579694463183	-0.11	0.0	0.05
1579694463332	-0.11	0.01	0.04
1579694463392	-0.09	0.02	0.03
1579694463512	-0.13	0.01	0.05
1579694463632	-0.13	-0.11	0.05
1579694463692	-0.09	0.07	0.07
1579694463782	-0.13	-0.02	0.02
1579694463932	-0.08	0.03	0.03
1579694464022	-0.1	0.01	0.09
1579694464082	-0.11	-0.03	0.05
1579694464173	-0.08	0.06	0.08
1579694464592	-0.01	0.07	0.07
1579694464593	-0.13	0.04	0.08
1579694464595	-0.1	0.07	0.06
1579694464629	-0.12	-0.05	0.05
1579694464683	-0.12	0.04	0.05
1579694464773	-0.12	-0.01	0.05
1579694464952	-0.11	0.02	0.05
1579694465282	-0.12	0.03	0.05
1579694465283	-0.11	0.01	0.05
1579694465285	-0.11	0.05	0.04
1579694465495	-0.13	0.04	0.04
1579694465496	-0.13	0.07	0.04
1579694465582	-0.13	0.0	0.05
1579694465642	-0.11	-0.01	0.06
1579694465672	-0.15	0.0	0.04
1579694465792	-0.07	0.1	0.1
1579694465883	-0.12	-0.0	0.06
1579694466242	-0.07	0.04	0.05
1579694466302	-0.16	0.09	0.06
1579694466303	-0.06	-0.04	0.06
1579694466332	-0.13	-0.05	0.03
1579694466392	-0.09	-0.01	0.07
1579694466545	-0.11	-0.02	0.06
1579694466632	-0.12	-0.02	0.05
1579694466992	-0.1	0.01	0.07
1579694467412	-0.12	0.01	0.07
1579694467413	-0.1	0.05	0.06
1579694467415	-0.11	0.04	0.05
1579694467415	-0.12	0.03	0.05
1579694467502	-0.13	-0.03	0.05
1579694468012	-0.12	0.0	0.05
1579694468013	-0.08	0.01	0.06
1579694468015	-0.12	-0.01	0.03
1579694468252	-0.1	0.01	0.06
1579694468312	-0.13	-0.04	0.04
1579694468522	-0.11	-0.01	0.05
1579694468612	-0.12	-0.03	0.05
1579694468613	-0.1	0.0	0.06
1579694468732	-0.1	0.03	0.07
1579694468972	-0.11	0.02	0.06
1579694469092	-0.1	0.02	0.06
1579694469122	-0.11	0.03	0.05
1579694469125	-0.08	0.03	0.06
1579694469212	-0.1	0.01	0.06
1579694469332	-0.1	0.04	0.07
1579694469542	-0.13	0.0	0.04
1579694469543	-0.09	0.02	0.05
1579694469632	-0.1	-0.02	0.05
1579694469722	-0.11	0.02	0.06
1579694469932	-0.12	0.03	0.05
1579694469933	-0.11	0.02	0.06
1579694470112	-0.12	-0.01	0.05
1579694470113	-0.12	0.02	0.02
1579694470322	-0.08	0.02	0.06
1579694470323	-0.12	0.03	0.05
1579694470412	-0.11	0.03	0.06
1579694470502	-0.1	0.01	0.05
1579694470742	-0.11	0.02	0.06
1579694470832	-0.11	0.02	0.05
1579694470833	-0.1	0.06	0.06
1579694470922	-0.06	0.03	0.17
1579694471042	-0.18	0.05	0.03
1579694471132	-0.08	-0.01	0.06
1579694471222	-0.12	0.0	0.06
1579694471432	-0.11	0.02	0.05
1579694471433	-0.13	0.02	0.06
1579694471522	-0.12	0.02	0.05
1579694471612	-0.11	0.0	0.06
1579694471732	-0.11	0.03	0.06
1579694471852	-0.11	0.02	0.06
1579694471942	-0.11	-0.01	0.06
1579694472032	-0.1	0.01	0.05
1579694472122	-0.12	0.0	0.05
1579694472332	-0.09	-0.0	0.05
1579694472335	-0.09	-0.01	0.06
1579694472452	-0.11	0.01	0.05
1579694472542	-0.11	0.03	0.06
1579694472632	-0.12	0.03	0.06
1579694472722	-0.12	0.03	0.06
1579694472812	-0.12	0.02	0.05
1579694472962	-0.1	0.01	0.06
1579694473052	-0.12	0.02	0.06
1579694473145	-0.11	0.03	0.06
1579694473232	-0.1	0.02	0.06
1579694473322	-0.11	0.01	0.05
1579694473442	-0.11	0.01	0.05
1579694473532	-0.11	0.01	0.05
1579694473652	-0.11	0.01	0.05
1579694473742	-0.1	0.02	0.06
1579694473832	-0.11	0.02	0.05
1579694473922	-0.12	0.03	0.05
1579694474072	-0.1	0.01	0.06
1579694474073	-0.09	-0.01	0.06
1579694474255	-0.11	-0.01	0.05
1579694474283	-0.09	0.01	0.06
1579694474432	-0.1	-0.01	0.06
1579694474762	-0.11	0.03	0.05
1579694474763	-0.1	0.03	0.07
1579694474765	-0.11	0.01	0.06
1579694474852	-0.1	0.05	0.06
1579694474882	-0.13	0.02	0.05
1579694475032	-0.1	0.02	0.07
1579694475092	-0.1	0.02	0.06
1579694475183	-0.12	-0.0	0.05
1579694475364	-0.13	-0.02	0.05
1579694475395	-0.12	0.02	0.05
1579694475482	-0.12	0.03	0.05
1579694475662	-0.11	0.01	0.06
1579694475782	-0.13	0.01	0.05
1579694475783	-0.1	0.0	0.05
1579694475962	-0.1	0.01	0.06
1579694475992	-0.11	0.0	0.05
1579694476082	-0.12	0.03	0.05
1579694476292	-0.12	0.01	0.05
1579694476293	-0.12	0.0	0.06
1579694476383	-0.11	0.05	0.06
1579694476505	-0.12	0.01	0.05
1579694476592	-0.11	0.01	0.05
1579694476682	-0.11	0.01	0.06
1579694476892	-0.09	-0.01	0.06
1579694476893	-0.09	0.02	0.07
1579694476983	-0.11	0.01	0.06
1579694477102	-0.11	0.0	0.06
1579694477192	-0.12	-0.0	0.05
1579694477282	-0.12	-0.01	0.05
1579694477403	-0.1	0.04	0.06
1579694477493	-0.12	0.03	0.05
1579694477583	-0.1	0.04	0.05
1579694477702	-0.11	0.04	0.06
1579694477792	-0.12	0.03	0.06
1579694477883	-0.11	0.01	0.06
1579694478003	-0.12	0.02	0.05
1579694478093	-0.09	0.06	0.06
1579694478183	-0.09	0.06	0.06
1579694478302	-0.13	0.03	0.06
1579694478392	-0.12	0.01	0.05
1579694478513	-0.1	0.01	0.06
1579694478603	-0.11	-0.02	0.06
1579694478695	-0.11	0.02	0.05
1579694478783	-0.12	0.01	0.05
1579694478902	-0.11	0.0	0.05
1579694478993	-0.11	0.04	0.06
1579694479113	-0.12	0.02	0.05
1579694479203	-0.13	0.01	0.05
1579694479293	-0.12	-0.01	0.05
1579694479383	-0.11	0.0	0.06
1579694479502	-0.12	0.0	0.05
1579694479623	-0.11	-0.0	0.05
1579694479713	-0.1	-0.01	0.06
1579694479832	-0.11	-0.01	0.05
1579694479892	-0.08	0.01	0.07
1579694479983	-0.11	0.02	0.05
1579694480102	-0.11	0.02	0.06
1579694480223	-0.11	0.01	0.05
1579694480313	-0.1	0.04	0.06
1579694480402	-0.11	0.02	0.06
1579694480522	-0.11	0.02	0.05
1579694480612	-0.12	0.01	0.05
1579694480732	-0.11	0.02	0.06
1579694480822	-0.09	0.04	0.07
1579694480914	-0.11	0.01	0.05
1579694481032	-0.11	0.01	0.06
1579694481122	-0.11	0.0	0.05
1579694481212	-0.1	0.04	0.06
1579694481332	-0.09	0.04	0.06
1579694481422	-0.1	0.02	0.05
1579694481512	-0.11	0.0	0.06
1579694481632	-0.11	0.01	0.06
